#{"t_start": 1764625737.748926, "env_id": "custom-roundabout-v0"}
r,l,t
1.7,9,0.639756
1.5,11,0.874122
-0.85,6,0.98513
-0.2,8,1.137364
-0.6,3,1.202236
0.6,4,1.290526
1.55,10,1.505506
1.5,20,1.852357
-0.65,10,2.102065
-0.2,3,2.16176
-0.25,3,2.230364
0.55,7,2.34533
-0.25,6,2.476283
2.05,20,2.725978
-0.35,4,2.803375
5.15,20,3.150419
-0.3,6,3.264917
2.4,20,3.565342
0.3,3,3.623858
2.3,20,4.036787
1.15,20,4.401049
0.25,3,4.452773
-0.3,5,4.537406
-0.35,4,4.614393
3.65,20,5.028869
4.9,20,5.278954
4.15,20,5.583112
1.6,20,5.897167
-0.65,3,5.949278
-0.15,3,6.021613
-0.35,4,6.0908
2.65,20,6.454874
-0.2,5,6.539347
1.55,12,6.80008
2.05,20,7.177046
2.15,20,7.489448
0.95,20,7.849766
0.45,20,8.114035
3.5,20,8.479407
5.15,20,8.839598
1.3,20,9.261902
5.05,20,9.566424
0.8,20,9.92533
4.9,20,10.286877
-0.15,3,10.348175
1.25,10,10.510673
-0.35,5,10.611846
1.7,20,10.923744
5.1,20,11.236914
-0.5,4,11.306131
0.75,20,11.619217
1.0,7,11.736031
0.85,20,11.999687
2.8,20,12.265142
0.75,20,12.63851
4.05,20,12.955853
1.55,9,13.131251
0.15,9,13.342693
3.05,20,13.706117
-0.5,7,13.8398
0.6,8,13.96929
0.8,20,14.227445
-0.2,4,14.294099
0.25,3,14.345244
2.15,9,14.519264
-0.15,5,14.65067
5.25,20,15.010227
-0.35,4,15.116088
-0.15,11,15.355707
4.9,20,15.658849
-0.8,6,15.812195
1.4,20,16.235998
-0.05,5,16.36762
1.8,20,16.850236
1.55,7,16.964502
1.8,10,17.185816
3.05,20,17.60753
4.75,20,17.969733
-0.2,5,18.054437
1.7,9,18.202669
1.25,8,18.312228
-0.3,2,18.354427
3.35,20,18.668774
5.25,20,19.090408
2.6,20,19.405182
-0.3,2,19.446912
2.15,20,19.759316
3.9,20,20.074147
0.75,20,20.38647
0.2,6,20.506423
0.1,5,20.605242
0.25,3,20.648904
-0.25,8,20.804746
1.55,7,20.938066
5.35,20,21.300813
1.7,20,21.563465
1.6,10,21.760921
0.25,3,21.804051
-0.2,4,21.898997
-0.3,4,21.967479
-0.25,3,22.038067
0.5,7,22.17508
1.95,9,22.350731
-0.25,5,22.450547
2.25,20,22.775926
4.7,20,23.083694
0.65,20,23.385887
4.9,20,23.801574
0.1,8,23.930902
1.2,11,24.140769
1.55,8,24.27101
1.9,20,24.641612
-0.15,4,24.735167
-0.15,3,24.805823
0.95,20,25.222893
4.2,20,25.535039
1.25,9,25.680691
0.6,5,25.779811
1.7,12,26.038697
2.3,20,26.467202
1.2,20,26.892424
0.45,7,27.013443
4.85,20,27.373978
2.15,20,27.737504
1.35,19,28.134816
0.3,3,28.186487
0.85,12,28.411639
-0.3,10,28.634671
0.85,7,28.771729
4.2,20,29.081555
-0.35,8,29.234879
4.45,20,29.655882
3.75,20,30.081982
-0.15,3,30.134219
-0.35,4,30.214612
-0.85,6,30.331385
-0.3,2,30.387122
-0.2,3,30.466643
1.75,12,30.692161
-0.15,4,30.760425
0.0,3,30.830348
1.1,11,31.104395
1.05,20,31.424809
-0.25,20,31.809251
-0.05,5,31.910001
1.5,20,32.226873
0.0,5,32.328532
1.65,20,32.701532
-0.4,3,32.772655
-0.3,2,32.808496
1.9,20,33.224638
4.9,20,33.484008
-0.35,4,33.552571
-0.1,6,33.670174
-0.2,20,34.040722
5.0,20,34.357123
5.1,20,34.664159
5.15,20,35.085807
1.75,9,35.207833
-0.45,20,35.578855
0.35,9,35.724614
1.4,8,35.879682
1.15,20,36.249794
0.75,7,36.387807
-0.35,10,36.585418
0.3,20,37.019254
-0.35,5,37.104413
-0.1,6,37.222061
1.5,11,37.46066
-0.35,4,37.553774
4.05,20,37.918195
1.45,11,38.122941
0.6,20,38.486867
-0.7,3,38.538718
0.0,4,38.648072
1.9,20,39.062335
0.5,6,39.215251
0.6,10,39.406609
2.4,11,39.614042
1.35,8,39.724086
2.1,20,40.095971
-0.2,4,40.202148
3.8,20,40.566848
1.4,20,40.939982
1.05,9,41.140027
2.05,20,41.457015
-0.15,5,41.540649
0.1,9,41.716485
4.75,20,42.086149
0.2,7,42.245651
3.45,20,42.563127
0.05,9,42.76623
1.45,8,42.897447
1.8,9,43.046087
3.7,20,43.348144
1.2,20,43.716832
0.45,4,43.810001
1.2,20,44.221937
-0.55,3,44.292918
-0.3,4,44.373806
-0.1,7,44.533958
1.4,11,44.778577
4.85,20,45.210234
3.7,20,45.584546
4.6,20,46.003251
1.6,20,46.424509
-0.15,5,46.510617
5.15,20,46.930504
-0.65,3,46.983416
4.95,20,47.416176
1.6,20,47.791517
0.05,20,48.210933
1.5,9,48.380253
0.3,3,48.441129
0.25,3,48.493157
-0.2,6,48.595561
1.75,8,48.749979
5.05,20,49.115066
3.55,20,49.428336
0.35,5,49.52627
1.8,20,49.840625
1.1,20,50.158532
0.25,3,50.210295
-0.1,4,50.29113
0.35,5,50.376033
0.5,20,50.85871
4.95,20,51.247229
-0.7,6,51.400683
5.05,20,51.777741
-0.3,4,51.847227
-0.05,5,51.931584
0.6,20,52.196389
-0.5,7,52.333193
1.55,9,52.480433
0.05,5,52.565725
1.95,10,52.756146
-0.55,3,52.808066
1.55,20,53.225537
4.95,20,53.533173
1.55,20,53.841544
-0.2,5,53.956528
1.55,10,54.144734
0.05,20,54.570283
-0.65,3,54.631621
0.55,4,54.712527
1.75,8,54.892701
-0.05,4,54.973136
2.5,20,55.33563
1.6,7,55.515639
1.65,8,55.695706
2.8,20,56.114672
-0.05,8,56.245027
0.25,6,56.346109
1.65,9,56.548665
1.55,10,56.740448
0.5,20,57.226061
-0.2,8,57.356733
0.7,6,57.475733
1.25,11,57.65161
0.65,7,57.770185
-0.3,2,57.819202
0.5,9,57.997687
-0.2,5,58.113484
0.15,5,58.227338
4.75,20,58.601711
-0.15,3,58.66426
4.55,20,59.088942
3.25,20,59.514117
5.0,20,59.878294
-0.6,8,60.038936
2.25,20,60.413678
-0.65,3,60.475411
0.4,11,60.717243
-0.4,6,60.838044
2.35,20,61.106606
0.9,19,61.368901
2.25,20,61.794234
3.35,20,62.150249
0.25,3,62.202239
3.0,20,62.516327
0.4,4,62.572676
0.5,20,62.892775
5.15,20,63.380235
1.4,9,63.554507
5.25,20,64.038747
0.5,8,64.219663
-0.35,8,64.404829
-0.05,3,64.476729
-0.7,3,64.521351
1.55,20,64.892725
-0.5,7,65.077068
-0.2,8,65.191262
0.5,6,65.330599
5.25,20,65.645072
2.4,9,65.820528
4.4,20,66.253437
3.5,20,66.628851
2.55,20,67.003343
3.25,20,67.319038
-0.1,9,67.522317
-0.25,5,67.623473
2.4,11,67.832694
0.95,20,68.262887
0.3,3,68.324629
1.0,20,68.69295
-0.3,2,68.749177
2.4,20,69.097429
2.25,15,69.380236
3.5,20,69.760294
-0.6,5,69.846281
1.4,20,70.171392
1.05,9,70.347269
1.3,8,70.481387
0.3,3,70.535024
0.8,10,70.763592
0.5,7,70.907547
-0.5,4,70.988236
2.65,20,71.415405
-0.3,5,71.533084
4.95,20,71.905639
-0.2,5,72.022422
-0.45,7,72.203092
1.1,20,72.527691
1.55,10,72.754405
-0.05,5,72.842341
1.6,10,73.013099
2.2,9,73.161434
3.8,20,73.528638
3.05,20,73.949164
1.05,20,74.377985
-0.7,3,74.430114
1.45,8,74.642271
0.35,6,74.784527
3.85,20,75.210285
-0.3,2,75.260551
-0.25,10,75.44911
1.8,8,75.559007
2.5,20,75.875747
4.6,20,76.248954
-0.3,10,76.448541
2.6,20,76.765543
4.7,20,77.191866
5.05,20,77.566249
1.6,10,77.731459
0.1,9,77.905458
0.05,10,78.097705
3.25,20,78.41266
0.4,20,78.729265
1.05,10,78.922167
5.0,20,79.291703
1.75,20,79.611042
0.2,8,79.767258
1.9,9,79.916217
2.15,20,80.234973
-0.6,3,80.296875
-0.15,3,80.358882
0.3,3,80.430153
1.85,20,80.861703
4.8,20,81.172572
2.8,20,81.484079
3.0,20,81.866848
-0.05,5,81.986516
0.75,20,82.417737
1.55,20,82.803417
0.7,6,82.946144
1.7,11,83.189068
5.15,20,83.562771
0.25,20,83.940814
1.4,11,84.154429
-0.35,7,84.296569
0.45,4,84.380006
0.4,10,84.584856
0.1,20,85.023343
0.7,20,85.406135
-0.2,8,85.587545
3.0,20,85.949182
1.6,12,86.205319
0.9,7,86.352754
0.3,20,86.795157
1.55,20,87.196365
-0.35,4,87.269694
1.65,9,87.401943
-0.1,5,87.541678
0.25,3,87.595503
-0.3,2,87.652893
-0.1,5,87.774723
3.15,20,88.218448
0.2,6,88.360631
0.95,20,88.687802
1.45,12,88.958701
3.8,20,89.326628
2.3,20,89.803467
1.55,20,90.080429
0.75,20,90.464778
-0.25,3,90.526518
-0.55,3,90.59728
1.65,13,90.807063
-0.8,6,90.909939
-0.05,6,91.034387
-0.5,4,91.131741
1.45,8,91.27279
0.7,20,91.715119
-0.15,5,91.819336
2.7,20,92.20572
-0.25,8,92.394596
1.4,20,92.838686
1.25,9,93.01585
1.25,20,93.452856
-0.1,3,93.515029
-0.1,7,93.701198
3.25,20,94.068768
-0.15,5,94.186462
2.1,20,94.501082
4.6,20,94.822949
1.25,7,95.0088
-0.75,3,95.070804
-0.3,2,95.113468
2.75,20,95.430981
4.6,20,95.746134
0.8,9,95.953067
0.0,3,96.016508
3.2,20,96.397609
5.0,20,96.775468
4.6,20,97.15099
1.15,7,97.291903
3.2,20,97.667471
5.1,20,98.08919
2.7,20,98.47864
1.1,6,98.600382
-0.05,4,98.694278
2.75,20,99.013499
1.35,9,99.187023
2.55,20,99.632725
-0.15,5,99.766575
-0.5,9,99.915141
2.7,20,100.343064
0.25,3,100.396093
1.5,20,100.779329
1.7,20,101.217375
-0.2,5,101.335278
1.35,10,101.562421
-0.85,6,101.661943
0.75,7,101.822013
4.6,20,102.194699
1.6,20,102.513991
1.4,8,102.674293
1.5,10,102.868913
2.7,20,103.19145
-0.65,3,103.244586
0.15,5,103.350348
4.95,20,103.678532
0.8,20,104.119574
2.3,15,104.44692
3.3,20,104.883252
-0.6,3,104.946514
0.3,3,104.991454
-0.1,5,105.080008
1.5,19,105.343303
2.95,20,105.660685
0.4,20,105.993985
1.35,20,106.326144
4.6,20,106.6535
2.6,20,106.981203
4.45,20,107.412756
-0.3,2,107.456753
-0.25,3,107.519112
2.2,20,107.944968
2.05,20,108.309051
4.85,20,108.682939
0.4,9,108.885911
-0.7,6,109.004403
-0.2,3,109.075295
4.4,20,109.505942
4.95,20,109.887097
0.2,6,110.006947
2.3,10,110.200727
0.45,4,110.296026
0.15,6,110.400017
2.55,20,110.835058
3.3,20,111.204916
0.95,6,111.364929
-0.55,3,111.418007
1.5,12,111.681669
1.4,8,111.867298
-0.3,6,112.008112
-0.55,4,112.078002
-0.3,5,112.195398
-0.3,5,112.267094
1.5,7,112.429471
1.3,9,112.581763
1.7,8,112.742429
0.75,20,113.049636
-0.3,4,113.118885
-0.3,6,113.23784
3.8,20,113.608183
1.6,10,113.773357
-0.25,5,113.844773
0.45,20,114.106828
-0.2,3,114.16897
2.85,20,114.534598
1.15,6,114.655388
0.35,5,114.789061
3.4,20,115.099154
1.3,20,115.521846
-0.2,3,115.582902
-0.15,5,115.701036
0.25,3,115.762368
3.0,20,116.129107
0.5,20,116.49991
5.05,20,116.86429
0.3,11,117.078874
2.65,10,117.243106
-0.3,2,117.292401
1.4,10,117.51872
-0.25,7,117.64043
0.1,20,118.023526
5.15,20,118.396979
1.65,20,118.71912
1.65,9,118.928041
2.0,20,119.421812
1.1,20,119.856295
-0.5,4,119.956214
2.8,20,120.452059
1.6,8,120.607966
-0.25,6,120.749621
2.55,20,121.017563
-0.5,7,121.155752
1.6,12,121.472284
2.5,20,121.856243
0.3,3,121.921384
2.1,20,122.308294
5.0,20,122.732249
-0.3,4,122.812687
0.65,8,122.949745
3.1,20,123.380709
-0.05,3,123.452591
-0.5,10,123.648328
-0.3,8,123.803674
2.65,20,124.229308
2.45,20,124.55162
-0.6,9,124.755298
3.65,20,125.080058
-0.5,7,125.220324
-0.4,4,125.315736
1.25,8,125.474361
2.5,11,125.751127
1.5,12,126.017504
0.05,5,126.120464
1.5,8,126.303159
0.25,3,126.365001
-0.3,4,126.459969
4.4,20,126.832908
0.7,5,126.949149
-0.2,5,127.067014
-0.65,3,127.128965
0.75,20,127.624021
0.25,6,127.725553
1.45,20,128.153605
1.65,9,128.33184
1.75,20,128.599882
2.55,8,128.784005
1.15,11,129.031799
0.15,5,129.150376
5.05,20,129.523244
0.65,20,130.022439
-0.75,6,130.158766
-0.45,11,130.377567
1.65,20,130.798853
5.1,20,131.181327
-0.05,3,131.243978
-0.5,6,131.348133
0.35,20,131.71926
3.75,20,132.033223
0.9,20,132.404174
4.95,20,132.907699
1.5,20,133.229232
0.8,8,133.368782
2.35,20,133.80145
0.25,8,133.982681
0.2,6,134.105234
5.15,20,134.41811
1.25,8,134.53024
4.5,20,134.904211
2.45,20,135.282227
2.65,20,135.723858
4.2,20,136.092916
1.45,7,136.238896
1.8,9,136.417172
-0.05,5,136.535534
-0.3,5,136.652891
2.65,9,136.776376
2.5,9,136.984954
0.85,20,137.475448
1.4,20,137.746713
-0.25,7,137.88693
5.0,20,138.204331
1.2,20,138.472556
-0.1,4,138.567776
1.4,8,138.680521
3.1,20,139.053521
0.55,6,139.1738
2.5,20,139.550394
-0.2,3,139.603416
1.25,14,139.830913
3.8,20,140.203474
4.9,20,140.517172
1.35,20,140.88885
-0.25,10,141.083349
-0.7,3,141.135606
2.0,20,141.512831
5.15,20,141.931963
0.6,7,142.095891
2.1,20,142.465553
-0.55,3,142.518275
1.5,14,142.785146
-0.55,9,142.963907
5.05,20,143.337781
-0.15,3,143.410538
1.0,11,143.619057
2.65,20,143.987714
0.5,20,144.258574
0.25,3,144.321435
0.2,10,144.524543
5.0,20,144.898793
-0.45,7,145.019394
-0.15,4,145.114502
1.4,13,145.293111
-0.15,4,145.375147
0.9,20,145.868459
-0.2,4,145.964093
3.9,20,146.344343
-0.55,3,146.406916
-0.6,3,146.469785
0.4,14,146.742234
5.15,20,147.107657
0.65,9,147.309578
-0.5,3,147.381681
4.85,20,147.712897
2.6,20,148.088211
-0.45,10,148.255215
5.15,20,148.677886
1.65,7,148.793549
3.4,20,149.157719
4.45,20,149.569428
-0.2,4,149.675378
4.35,20,150.100818
1.3,9,150.25329
0.2,20,150.621907
1.35,20,151.058751
0.65,20,151.379683
0.25,3,151.441529
-0.45,12,151.676675
0.8,20,152.112941
-0.45,11,152.298744
2.55,8,152.457863
1.3,20,152.776765
3.35,20,153.206927
-0.85,6,153.325544
3.6,20,153.752679
1.65,9,153.957031
-0.25,10,154.095769
-0.3,7,154.21268
0.55,4,154.321851
0.3,3,154.374621
1.4,8,154.529674
0.7,7,154.651189
2.85,20,155.085607
-0.55,3,155.147715
-0.15,7,155.290162
1.8,9,155.46918
0.65,20,155.8471
3.75,20,157.202099
1.75,13,157.448381
4.45,20,157.760216
2.6,9,157.936613
2.0,8,158.117742
4.6,20,158.43518
0.6,6,158.55763
-0.05,5,158.673319
-0.35,11,158.929805
1.2,8,159.087818
0.4,4,159.157807
4.7,20,159.532581
4.85,20,159.897994
-0.3,2,159.941129
5.2,20,160.262751
0.5,13,160.513639
-0.85,6,160.651754
2.55,20,160.975512
5.3,20,161.345497
3.6,20,161.79027
4.55,20,162.103344
1.7,8,162.262327
1.25,8,162.421723
-0.35,4,162.505112
3.65,20,162.877177
-0.85,8,163.01036
-0.6,3,163.082005
1.3,11,163.261844
3.4,20,163.696096
1.8,20,164.196585
1.65,10,164.391018
1.4,7,164.491371
0.8,7,164.612326
1.6,9,164.818684
-0.2,3,164.880289
1.75,10,165.073909
0.0,5,165.174753
4.1,20,165.656087
-0.3,2,165.705609
3.5,20,166.070317
5.0,20,166.489595
-0.65,6,166.574737
-0.2,3,166.637447
4.65,20,167.051548
1.6,9,167.222536
0.4,18,167.62031
-0.1,5,167.736207
4.8,20,168.125956
2.25,20,168.619051
1.6,8,168.730604
-0.45,10,168.929306
5.1,20,169.242308
1.5,9,169.442912
1.65,10,169.634749
1.65,12,169.867091
1.55,20,170.287668
2.55,20,170.658505
1.3,20,171.034825
0.25,3,171.096774
4.75,20,171.524207
-0.1,5,171.60927
-0.2,5,171.694832
4.35,20,172.009813
1.45,20,172.436262
4.05,20,172.744567
-0.7,3,172.788204
0.6,7,172.911215
-0.3,4,172.994676
0.7,6,173.116493
3.75,20,173.453754
1.6,10,173.659764
5.1,20,174.040815
5.05,20,174.420158
0.3,3,174.483362
4.75,20,174.804726
5.1,20,175.234731
5.15,20,175.669336
5.1,20,176.09412
-0.3,8,176.304794
-0.8,6,176.443071
1.8,9,176.649162
4.05,20,176.962067
0.35,5,177.095892
4.85,20,177.36006
4.85,20,177.732623
2.35,11,177.97532
1.65,10,178.160623
1.7,10,178.385081
-0.2,3,178.466162
0.55,20,178.849251
0.8,5,178.953612
4.35,20,179.451245
-0.2,6,179.591695
-0.25,4,179.702053
1.25,20,180.084072
1.05,9,180.262049
-0.3,5,180.364476
2.35,8,180.499719
1.45,10,180.695099
4.95,20,181.067805
0.2,20,181.511493
4.9,20,181.8913
1.15,6,182.010685
0.35,6,182.150802
4.45,20,182.523807
0.75,5,182.638684
1.6,8,182.773978
2.2,9,182.922128
-0.4,5,183.024004
1.55,10,183.24238
-0.1,6,183.362794
1.3,20,183.743841
1.95,20,184.129012
1.7,7,184.311181
0.4,5,184.409159
0.3,7,184.529816
-0.45,8,184.688586
5.1,20,185.065185
1.7,20,185.444987
1.45,8,185.577325
0.0,4,185.673784
0.3,5,185.791023
4.85,20,186.220287
4.35,20,186.543767
-0.55,5,186.644024
0.7,6,186.782179
5.05,20,187.097402
2.55,20,187.529093
1.7,9,187.735906
-0.3,8,187.870918
1.75,20,188.310094
-0.3,2,188.360331
1.45,7,188.503293
2.65,20,188.873777
-0.55,3,188.935724
1.45,8,189.095833
0.95,20,189.475127
-0.8,6,189.577241
4.7,20,189.845317
-0.1,4,189.938844
4.75,20,190.376648
5.15,20,190.801458
1.4,20,191.285218
1.8,9,191.519664
4.65,20,191.943363
4.25,20,192.366565
0.45,4,192.4475
4.95,20,192.869337
0.7,6,192.991787
5.05,20,193.305283
-0.15,3,193.366881
1.3,11,193.576256
0.9,20,193.899803
4.9,20,194.220359
0.45,6,194.340634
-0.05,4,194.434021
1.55,9,194.612588
3.95,20,194.991357
4.4,20,195.363882
0.25,20,195.682015
0.8,20,196.061042
1.7,9,196.26593
-0.05,10,196.492674
0.8,20,196.851447
4.9,20,197.21606
2.55,9,197.421311
0.0,5,197.523154
-0.65,3,197.576017
4.9,20,197.996175
1.8,10,198.21886
3.75,20,198.535828
1.7,9,198.712621
-0.35,4,198.795428
1.15,20,199.163331
5.0,20,199.480973
4.75,20,199.797608
-0.3,2,199.841155
2.8,20,200.16419
0.45,11,200.380896
5.15,20,200.806928
3.15,20,201.121417
1.55,16,201.382444
4.3,20,201.814514
-0.3,8,201.99904
-0.15,10,202.191579
2.25,20,202.565609
2.25,10,202.732122
1.0,20,203.05587
1.5,20,203.48461
-0.2,3,203.556638
2.85,20,203.925999
0.0,8,204.058305
2.15,20,204.433606
-0.15,5,204.535898
2.4,20,204.961075
4.05,20,205.460237
-0.3,5,205.560775
0.25,6,205.719618
0.1,20,206.035203
-0.7,3,206.096863
4.85,20,206.478357
0.15,5,206.580308
1.6,9,206.759738
1.4,10,206.985626
2.0,20,207.302181
-0.2,3,207.373313
-0.35,5,207.458732
2.4,20,207.887626
1.65,9,208.038362
-0.3,7,208.175201
5.05,20,208.553701
-0.6,3,208.615453
5.1,20,208.923767
1.75,11,209.168254
2.65,20,209.554764
1.5,8,209.734805
4.55,20,210.102094
0.25,3,210.154742
3.7,20,210.520378
-0.75,3,210.582252
0.05,5,210.701528
-0.3,4,210.796365
1.45,9,210.973337
4.7,20,211.405625
5.15,20,211.720578
1.8,20,212.1589
1.1,20,212.475042
0.2,8,212.63124
2.55,9,212.783859
5.25,20,213.2173
4.75,20,213.594325
-0.4,4,213.676907
1.05,20,213.99263
-0.55,3,214.063389
1.45,11,214.31085
0.0,3,214.373487
4.65,20,214.752505
-0.05,8,214.886098
1.8,10,215.079117
1.45,8,215.259602
-0.15,7,215.422096
0.7,5,215.524424
-0.4,7,215.660938
-0.55,3,215.72309
-0.05,4,215.817608
4.35,20,216.187414
1.65,10,216.413597
5.15,20,216.783771
-0.35,4,216.853643
1.5,9,216.978638
1.4,10,217.141855
-0.3,4,217.222834
0.85,7,217.38378
0.3,3,217.44506
4.25,20,217.865387
-0.05,5,217.965989
0.7,20,218.395305
0.85,5,218.480413
2.1,11,218.69705
-0.05,9,218.893838
-0.3,2,218.936072
4.2,20,219.305677
0.05,4,219.387964
1.7,9,219.560981
-0.75,6,219.697733
4.4,20,220.010176
1.25,12,220.200133
0.3,3,220.252687
1.95,9,220.457935
-0.35,4,220.551749
-0.55,10,220.77734
-0.1,3,220.830367
1.5,14,221.094325
3.85,20,221.505328
-0.05,5,221.63943
0.25,3,221.710801
-0.05,8,221.86769
-0.55,4,221.948203
-0.2,3,222.019359
3.55,20,222.345126
0.6,20,222.714744
1.6,10,222.905195
1.2,10,223.132507
1.75,11,223.34139
4.95,20,223.713691
-0.1,4,223.795477
0.15,7,223.914865
-0.2,3,223.997315
4.6,20,224.312658
1.7,8,224.446565
0.65,4,224.515198
1.9,9,224.662875
3.95,20,225.032243
1.55,20,225.411044
4.65,20,225.837914
0.25,7,225.957638
0.75,5,226.05892
1.65,7,226.199931
0.8,8,226.383232
3.05,20,226.754117
0.8,5,226.839265
1.25,12,227.031187
-0.55,8,227.190348
2.35,10,227.414406
-0.6,9,227.616314
1.45,8,227.750226
-0.65,3,227.801967
-0.4,5,227.917984
0.9,5,228.018136
-0.25,10,228.219587
1.4,8,228.398176
-0.9,8,228.577315
1.45,11,228.726576
2.55,20,229.101399
3.8,20,229.471456
2.55,12,229.698266
3.95,20,230.065494
0.5,8,230.222735
-0.3,2,230.272125
2.55,20,230.586944
-0.55,4,230.656304
3.6,20,231.090979
3.2,20,231.429921
-0.05,20,231.91355
1.2,8,232.104951
1.3,8,232.302949
5.1,20,232.73475
0.9,20,233.056325
5.2,20,233.555202
-0.15,4,233.649149
0.0,6,233.80809
4.75,20,234.123235
1.65,9,234.248963
-0.55,4,234.344506
2.35,20,234.72203
1.65,8,234.876808
0.5,10,235.079467
5.2,20,235.44015
0.3,3,235.501406
-0.35,4,235.582819
1.95,20,236.010285
-0.1,6,236.130523
-0.7,3,236.192826
1.2,10,236.390327
0.75,9,236.54495
4.65,20,236.974451
-0.05,4,237.070734
-0.15,6,237.170563
2.4,20,237.586288
5.15,20,237.853257
0.85,5,237.925023
4.8,20,238.364165
2.05,9,238.565529
5.25,20,238.999571
3.3,20,239.265186
0.25,20,239.687919
1.6,9,239.863965
4.8,20,240.178933
4.0,20,240.495592
4.85,20,240.812024
1.35,11,241.024957
-0.9,6,241.161109
-0.45,4,241.253847
1.4,8,241.386033
2.45,8,241.542847
3.8,20,241.899216
-0.1,8,242.032315
1.5,12,242.292741
0.2,5,242.426144
0.45,6,242.566807
1.2,11,242.810907
0.15,5,242.929179
1.35,9,243.107113
1.6,9,243.28557
0.35,9,243.412252
2.8,20,243.839171
1.7,10,244.067499
2.5,10,244.296866
-0.1,5,244.397818
1.4,9,244.547656
4.3,20,244.816054
1.35,12,245.085649
4.55,20,245.453746
4.05,20,245.881175
0.9,5,245.981998
1.8,10,246.209188
-0.7,9,246.387372
-0.15,3,246.4409
5.15,20,246.750963
-0.15,11,246.957218
1.6,11,247.108091
-0.05,3,247.170675
1.45,20,247.43765
-0.3,6,247.559095
-0.05,6,247.701626
2.65,20,248.075707
4.95,20,248.500938
1.65,19,248.754543
0.55,20,249.191479
0.5,6,249.333225
2.85,20,249.667774
1.55,8,249.782972
0.2,6,249.869086
-0.75,3,249.932308
-0.1,5,250.058336
-0.3,2,250.102617
2.65,20,250.484911
-0.15,5,250.557593
-0.0,6,250.702101
5.0,20,251.088112
1.7,9,251.24192
0.3,3,251.307266
2.25,20,251.635899
2.4,20,251.969008
4.85,20,252.405016
-0.75,3,252.458579
-0.6,10,252.650894
5.0,20,253.012789
1.25,15,253.377341
-0.55,4,253.471267
3.4,20,253.84006
0.0,11,254.113854
5.15,20,254.485503
1.7,8,254.641566
2.75,20,254.956727
1.7,10,255.152265
0.05,5,255.264775
1.55,9,255.440754
4.8,20,255.7608
-0.3,2,255.803272
3.4,20,256.276794
5.05,20,256.648404
3.25,20,257.025142
1.35,9,257.22915
-0.1,7,257.415598
1.85,20,257.790401
-0.15,3,257.843269
0.6,4,257.937138
1.95,20,258.310615
-0.65,3,258.363309
3.65,20,258.678181
-0.25,9,258.853933
1.6,20,259.292082
-0.25,7,259.40899
-0.9,8,259.612726
2.4,10,259.805587
-0.25,6,259.923861
5.15,20,260.300719
0.35,11,260.54631
0.25,3,260.607889
4.15,20,260.924804
2.45,8,261.083917
-0.25,4,261.166213
2.7,20,261.543521
-0.35,5,261.646135
3.7,20,262.004968
-0.15,3,262.068658
5.05,20,262.440485
1.55,8,262.600517
-0.1,5,262.716643
-0.1,4,262.825307
0.6,6,262.947858
1.2,8,263.127754
-0.85,8,263.259139
3.45,20,263.69128
-0.05,5,263.778366
0.35,7,263.89966
0.35,11,264.052439
4.7,20,264.311685
1.05,20,264.686076
3.45,20,265.00963
2.9,20,265.435207
1.35,9,265.559475
4.2,20,266.049566
4.75,20,266.309447
0.05,4,266.404542
-0.25,4,266.485136
-0.5,4,266.565412
1.95,9,266.717112
-0.15,4,266.786779
4.7,20,267.101821
3.55,20,267.53116
-0.5,3,267.602308
0.3,3,267.655189
3.75,20,268.0869
-0.1,4,268.181853
5.15,20,268.564288
1.6,11,268.750397
1.4,9,268.90164
3.15,20,269.220329
-0.35,10,269.412649
1.7,11,269.625641
-0.1,4,269.706524
-0.7,8,269.864165
4.85,20,270.181088
5.2,20,270.555198
-0.25,5,270.627451
0.0,9,270.802416
0.5,9,271.006551
0.2,20,271.436504
0.3,3,271.489549
0.8,5,271.607858
4.95,20,271.972253
5.15,20,272.232507
0.95,8,272.390881
0.6,10,272.56081
0.3,3,272.623055
1.7,10,272.789365
1.0,7,272.886209
-0.05,7,273.04834
1.35,8,273.205454
-0.6,3,273.276652
1.3,20,273.595323
-0.5,5,273.680572
5.4,20,274.050758
5.05,20,274.362207
-0.25,3,274.414447
-0.3,2,274.457139
1.55,20,274.887069
-0.3,2,274.929358
-0.9,7,275.046998
-0.3,2,275.103773
0.3,3,275.156625
1.9,20,275.586715
0.25,3,275.657997
1.25,20,276.037726
0.3,6,276.17722
1.0,11,276.355376
1.6,9,276.529471
1.45,9,276.654974
-0.5,6,276.791818
4.6,20,277.053009
-0.65,6,277.171211
-0.1,4,277.263531
-0.3,2,277.319181
0.0,3,277.389999
2.65,20,277.704175
4.85,20,278.015324
4.2,20,278.334672
5.0,20,278.75973
2.95,20,279.078846
-0.75,3,279.122417
1.55,9,279.26903
0.25,3,279.340307
0.25,9,279.541376
2.3,10,279.706546
-0.2,5,279.792547
4.1,20,280.054713
4.55,20,280.371411
2.95,20,280.741179
1.6,9,280.866116
-0.25,6,280.98489
1.6,20,281.465506
5.35,20,281.944954
0.3,3,282.006704
4.25,20,282.368824
0.25,20,282.74188
1.5,10,282.931542
3.4,20,283.301741
0.05,6,283.419907
1.35,11,283.599816
0.15,5,283.715379
4.95,20,284.07998
2.45,9,284.230638
4.65,20,284.543173
4.15,20,284.86005
1.05,20,285.122895
2.4,20,285.550834
2.05,20,285.817049
3.8,20,286.189683
-0.05,6,286.310569
4.6,20,286.677963
0.45,8,286.813257
1.4,10,286.950557
-0.85,6,287.070678
-0.35,8,287.230541
-0.3,20,287.650641
4.85,20,288.014047
0.1,20,288.39096
-0.05,3,288.462767
0.3,3,288.523979
1.5,8,288.676521
-0.15,4,288.758522
4.9,20,289.188892
1.65,10,289.415155
1.6,10,289.635948
4.9,20,290.061127
2.1,20,290.38329
-0.3,2,290.432194
5.05,20,290.744684
0.05,5,290.830529
0.5,20,291.25539
4.5,20,291.519548
1.3,20,291.887098
1.8,10,292.10614
-0.85,6,292.188621
3.7,20,292.560918
1.25,20,292.981232
0.55,20,293.354833
-0.2,3,293.4166
-0.4,5,293.503055
1.3,11,293.709735
1.45,8,293.865379
2.0,20,294.186817
0.25,3,294.248837
0.1,4,294.329017
4.35,20,294.752676
1.3,9,294.878688
1.35,7,294.978955
2.3,20,295.355175
4.75,20,295.667449
0.8,7,295.807147
-0.75,3,295.859177
2.15,8,296.041511
1.25,9,296.192077
-0.1,4,296.286744
-0.3,2,296.32955
-0.9,6,296.466513
-0.7,3,296.518582
-0.35,4,296.600436
1.65,10,296.857195
3.25,20,297.122757
1.6,9,297.247755
0.25,3,297.309647
0.3,5,297.410487
0.75,7,297.511173
5.15,20,297.935683
-0.8,6,298.069279
0.05,9,298.274601
1.65,8,298.433076
1.85,8,298.589632
0.15,7,298.773038
3.0,20,299.198175
1.35,9,299.434339
1.45,20,299.861606
0.4,7,299.9816
0.25,3,300.035013
3.95,20,300.404636
2.0,20,300.839839
-0.25,20,301.224304
-0.6,3,301.295826
0.3,3,301.366548
1.2,8,301.519694
5.1,20,301.891405
1.15,6,302.011635
4.75,20,302.326881
1.3,8,302.486857
-0.1,6,302.609313
0.95,13,302.857979
1.35,20,303.237617
1.6,8,303.391397
4.9,20,303.83056
1.4,11,304.043638
-0.05,3,304.104943
3.35,20,304.469793
0.0,9,304.59556
4.8,20,305.020015
1.45,16,305.368582
3.8,20,305.79635
1.75,20,306.118523
0.05,5,306.204356
3.7,20,306.687765
5.15,20,307.000361
1.1,6,307.1423
0.3,9,307.32144
0.2,6,307.460734
0.0,5,307.546233
-0.5,4,307.653814
1.55,9,307.834196
4.4,20,308.323389
1.45,9,308.500434
0.7,6,308.605024
5.1,20,309.0931
1.05,20,309.517859
4.75,20,309.826046
5.0,20,310.19653
1.6,8,310.309179
-0.05,4,310.38961
4.95,20,310.80805
-0.05,3,310.890124
1.85,11,311.068611
4.4,20,311.328677
1.8,20,311.759232
0.25,20,312.199403
1.65,10,312.336784
-0.35,4,312.430943
0.3,3,312.483926
0.75,7,312.60358
-0.05,6,312.724292
3.5,20,313.09127
4.8,20,313.463668
-0.15,3,313.516842
-0.2,7,313.617127
