#{"t_start": 1764394225.713617, "env_id": "highway-v0"}
r,l,t
4.799314,7,4.905905
1.839988,3,6.094564
15.11349,19,14.866162
5.103489,6,17.322802
2.707816,4,19.131494
9.345345,11,23.83305
3.625175,6,26.315576
15.029051,18,33.355762
3.773219,5,35.003928
20.947558,24,42.953696
22.538957,28,52.788418
12.085889,16,58.309582
6.150952,8,61.105179
5.334699,8,63.868015
2.728877,4,65.30347
25.280824,33,79.518572
6.288752,8,83.117117
4.288889,6,85.653959
2.97958,4,87.149473
4.021175,5,89.163822
16.346217,20,96.451269
22.60011,31,107.804293
12.903251,17,114.242662
4.837969,6,116.38098
14.350383,19,123.919504
8.146444,11,127.840904
9.465474,12,132.147643
2.775716,4,133.753876
5.993942,8,136.563009
11.8916,16,141.968331
1.97209,3,142.980495
11.777081,17,148.819611
2.772656,4,150.269078
3.308385,5,152.102607
1.620723,3,153.259001
7.548124,9,156.422784
9.30667,12,160.677549
4.441587,6,162.829731
6.685019,10,166.256105
6.108885,8,169.140408
11.957286,16,174.811376
3.643758,6,176.944341
5.000133,7,179.456047
6.59428,8,182.214131
23.808612,30,193.669761
4.489646,6,200.49225
3.905875,5,202.301178
13.546613,18,209.136779
8.302481,10,212.781411
3.290042,5,214.550085
7.486278,10,218.319061
8.441552,12,223.302171
30.235113,40,238.243651
8.337798,13,242.950775
18.389987,25,252.036977
22.876029,29,262.563321
5.484193,7,265.066014
8.082564,11,269.073351
24.140587,28,281.013326
1.664981,3,282.162834
5.621115,7,284.707639
0.998897,2,285.461032
3.440869,5,287.276757
2.00055,3,288.434698
1.951099,3,289.586764
7.736409,10,293.324085
6.395833,9,296.631562
5.36966,7,299.176224
1.710548,3,300.28723
1.253127,2,300.978584
2.597938,4,302.485723
9.56908,12,306.982718
4.111443,6,309.332636
5.704638,7,312.01568
4.948001,6,314.381174
10.910054,16,320.286325
1.796106,3,321.391647
17.170057,20,328.910827
9.141964,11,332.599367
10.152487,14,337.574732
5.353022,8,340.637667
2.777215,4,342.157284
9.019902,11,346.46709
9.258672,11,350.460594
8.83521,10,354.049971
20.418123,29,363.879214
2.418962,4,365.229508
22.745311,25,374.240613
6.393246,8,377.147886
4.26846,6,379.413765
11.669961,15,385.395962
20.238403,25,395.200462
7.156752,10,398.983574
14.500811,16,405.099651
9.707688,14,410.403754
4.391064,6,412.658833
6.172391,9,415.894193
8.680917,11,419.921526
5.258296,7,422.4034
4.730448,7,425.056906
5.248673,7,427.759123
5.4237,8,430.739563
6.484123,9,433.941573
15.441115,22,442.253073
31.986889,40,455.742872
3.992465,5,457.414412
4.882396,6,459.38318
9.654279,13,463.793278
4.863457,7,466.165896
4.419934,6,468.199973
12.460311,17,473.932956
10.058553,12,478.008538
6.264609,8,480.641944
21.611227,26,489.393281
5.524002,7,491.729607
5.894143,9,494.983207
9.210027,11,499.627018
3.596474,5,502.14693
6.442776,9,505.570244
5.733823,7,508.2587
14.886925,18,514.821061
10.547823,12,520.085036
10.989969,13,524.512329
7.979585,9,527.619314
4.198521,6,529.644157
1.862773,3,530.682045
5.374252,7,533.095958
1.938842,3,534.106885
5.949985,8,536.783773
3.747693,5,538.510102
6.815723,8,541.175248
1.842386,3,542.17458
3.669821,5,543.848376
5.822136,8,546.703735
9.748421,12,551.126507
6.438199,9,554.454058
15.23263,18,560.920678
3.909534,5,562.731601
18.968543,22,570.623279
8.505853,10,574.287059
9.806523,12,578.548968
6.528533,8,581.474503
8.066286,12,585.795529
6.26423,9,589.156751
8.258788,11,594.472277
6.880373,8,597.337308
2.506642,4,598.898223
31.091788,34,611.191051
21.896957,26,620.03117
17.130098,21,627.991907
7.952576,10,631.687297
13.218661,16,637.516618
25.084283,31,648.851782
6.100922,8,651.855428
7.293209,10,655.605482
11.102869,14,660.625932
14.55901,18,667.31062
10.777888,15,672.581535
4.597732,6,675.008652
3.511111,5,676.722328
24.660614,31,687.172286
12.92577,15,692.543324
11.479664,13,697.294303
32.704404,40,712.241537
7.484667,10,716.128878
6.506658,9,719.625391
3.111674,5,721.426103
9.172863,13,726.249006
19.667235,24,735.120889
21.304818,30,746.12086
10.123922,12,750.464015
6.576912,8,753.431076
6.347288,9,756.674594
5.511424,7,759.255801
7.416283,9,762.552694
13.972522,16,768.464923
7.492806,11,772.568087
2.089438,3,773.565375
31.488885,40,788.410462
30.082812,40,802.873299
26.222392,31,814.678062
11.033062,14,819.886937
10.752184,12,824.387732
8.722723,11,828.471054
1.889447,3,829.602074
5.459225,8,832.515483
1.97209,3,833.614507
18.143145,24,842.434494
3.749086,5,844.198372
3.025453,5,845.987686
11.886169,14,851.212519
6.048909,8,854.135342
5.196911,7,856.680904
6.879831,8,859.587261
21.305551,29,869.886932
23.412495,32,881.599751
4.97641,6,883.779969
5.737602,8,886.722064
9.780123,13,891.644199
18.612994,22,899.658518
11.567903,13,904.365089
7.202741,8,907.280086
9.136075,11,911.552663
1.994312,3,912.664061
14.499858,18,919.073045
20.964573,25,928.171521
9.770781,13,932.591347
7.061525,9,935.682885
4.805728,7,938.18711
7.35126,9,941.520291
21.521706,26,951.135556
6.611121,8,953.900065
18.702709,25,962.7066
11.334476,17,968.776515
18.562446,21,976.316211
6.838508,8,979.15453
18.623867,25,988.457178
4.401307,6,990.49751
29.818452,40,1005.051298
21.101041,27,1015.175299
4.978091,6,1017.310577
7.50726,10,1021.03921
3.376958,5,1022.761973
20.611067,26,1031.807427
7.81504,9,1035.105953
1.888326,3,1036.424764
5.351812,7,1038.946492
6.882396,8,1041.932521
22.882131,26,1051.529601
4.946422,6,1053.660187
28.424086,40,1067.807864
6.34615,8,1070.462519
7.975763,9,1073.491939
10.800552,12,1077.982759
14.056116,17,1084.051618
15.947039,20,1091.308741
10.063959,13,1096.035539
11.922616,14,1101.399556
9.360969,11,1105.313481
9.929912,13,1109.926956
7.039189,9,1113.015153
5.419093,7,1115.50282
1.927645,3,1116.474234
7.724536,9,1119.781477
26.520148,29,1129.814247
2.046784,3,1130.898674
7.086827,9,1134.00582
1.753497,3,1135.155062
7.195427,10,1138.776867
15.34526,18,1145.307777
18.080331,22,1152.83947
9.123215,12,1157.075403
8.150621,10,1160.708182
16.727521,20,1167.681456
7.779756,9,1170.961115
7.393693,9,1174.266073
18.765499,22,1181.866445
9.59393,12,1185.844967
17.041007,24,1194.262804
1.663941,3,1195.240829
1.884995,3,1196.275687
11.235081,13,1201.053742
6.390632,8,1204.160839
7.569867,9,1207.629252
15.676781,21,1215.409223
13.622782,16,1221.372724
6.746401,8,1224.220938
30.049703,40,1240.09157
14.680099,20,1247.19456
4.823428,7,1249.633132
4.016987,5,1251.338156
10.078276,13,1255.919122
11.396613,13,1260.310435
13.055462,16,1265.811369
6.910548,9,1268.995024
4.108095,6,1271.004008
0.979609,2,1271.742406
29.270654,40,1285.892532
17.970196,24,1293.970783
9.305879,13,1298.586404
3.838642,5,1300.21921
8.906031,10,1303.870124
29.2429,40,1318.475635
27.866884,36,1330.634043
6.929436,9,1333.630036
3.799314,6,1335.660695
5.84642,7,1338.069905
2.598889,4,1339.409412
22.308446,25,1347.821743
15.987556,21,1354.917372
10.061775,14,1359.843837
3.747856,5,1361.506775
14.212336,16,1366.732171
10.709112,12,1370.771418
20.865404,23,1379.092986
6.284858,8,1381.79969
23.727686,29,1391.592061
19.679672,28,1400.999427
11.680264,16,1406.379514
9.325596,11,1410.278272
7.656477,9,1413.300688
13.086962,17,1419.186679
1.776279,3,1420.1868
13.37372,15,1425.397445
10.865079,12,1429.560197
29.8021,40,1442.848966
12.375805,15,1447.823087
10.841456,14,1452.480912
11.766006,14,1457.212031
10.75043,12,1461.430815
5.795418,7,1463.792892
18.866031,25,1472.057518
17.976303,23,1479.80216
28.679028,40,1493.204706
6.643933,8,1495.86076
24.567042,29,1505.602065
27.626871,40,1519.074727
28.878901,38,1531.721846
12.109533,14,1538.309918
6.015494,8,1540.983002
2.589409,4,1542.351545
6.747568,8,1545.350642
7.993501,9,1548.716431
6.525798,9,1561.90597
14.025981,19,1568.15888
17.770899,23,1576.016841
3.068174,4,1577.338319
4.836479,6,1579.275309
8.683733,11,1583.051633
1.860979,3,1584.187081
18.866217,22,1595.1756
6.837946,8,1597.824896
8.770784,11,1601.730754
18.105189,25,1610.015092
9.243587,12,1614.128168
11.801956,14,1618.847996
4.928641,6,1620.854488
10.319022,13,1625.302957
9.305852,11,1628.929964
32.799754,40,1642.577832
13.665065,20,1649.362896
9.508503,13,1653.774271
8.128874,11,1657.281651
19.613029,24,1665.033753
27.094148,40,1678.232018
30.427325,40,1691.471716
19.019486,26,1700.055624
2.665168,4,1701.531189
9.678513,12,1705.612144
17.424074,20,1712.624744
5.635659,7,1715.055029
16.970038,18,1721.292856
19.665978,21,1728.302873
29.947803,40,1741.666001
30.57102,40,1754.99512
4.639189,6,1757.083619
16.611231,21,1764.303641
7.047921,8,1767.072242
22.333233,30,1777.392954
4.039209,5,1779.09924
11.479723,13,1783.423297
4.130837,5,1785.11332
14.933333,19,1791.466399
1.069811,2,1792.19013
2.400103,4,1793.73094
30.693598,34,1805.577792
8.348414,10,1809.019135
1.997066,3,1809.980055
7.859881,10,1813.386418
11.820124,14,1818.268198
17.07733,23,1825.974175
3.176017,5,1827.984367
21.421671,31,1838.523191
8.261408,10,1841.915682
10.817189,14,1846.724735
22.015726,23,1854.568555
1.598501,3,1855.607753
23.45832,26,1864.353621
5.242957,7,1866.932768
9.279338,12,1870.92017
5.593504,7,1873.280416
15.811763,18,1879.389717
7.747341,10,1882.830714
10.905177,13,1887.28693
20.25817,26,1896.065905
7.998501,11,1899.965776
31.935091,40,1913.487671
8.792089,10,1917.054807
24.789259,29,1926.645656
6.925613,9,1929.85441
5.572519,7,1932.195466
30.335457,40,1945.565953
10.214218,13,1950.040845
18.687709,27,1959.252676
32.325811,40,1978.18741
8.733333,11,1981.861849
5.572519,7,1984.188919
9.921468,12,1988.149385
26.510398,35,2000.21838
2.75032,4,2001.681615
8.110552,12,2005.625145
14.034964,17,2011.099403
24.793714,27,2019.983255
31.484957,40,2032.993643
29.870042,40,2045.993037
30.66919,40,2058.890059
16.326183,22,2065.988714
8.23769,10,2069.243579
3.601311,5,2070.86771
1.663941,3,2071.863847
7.524836,9,2074.742295
6.753386,8,2077.310948
3.327576,5,2078.942673
17.724813,22,2086.037209
18.304467,21,2092.734563
29.160678,40,2105.71387
28.294147,40,2118.694068
17.552553,22,2125.785078
9.554057,12,2129.599244
28.849566,40,2142.43235
22.91704,28,2151.544794
10.589875,12,2155.425064
7.439185,9,2158.344969
2.979555,4,2159.641372
14.436704,17,2165.131238
4.264392,6,2167.06663
17.058286,20,2173.431303
16.908366,20,2179.805767
20.509265,27,2188.453459
28.537927,40,2201.487909
32.286925,40,2214.392781
18.444422,21,2221.224067
12.039185,13,2225.471325
27.271014,40,2238.345501
27.866667,40,2251.169199
27.583037,40,2263.948803
7.436474,9,2266.839431
7.841184,10,2270.04808
11.354285,14,2274.548102
27.249592,40,2287.278885
27.227477,40,2300.639987
27.937904,40,2313.555507
29.070379,40,2326.529419
9.992548,13,2330.735089
5.039189,6,2332.647842
10.168436,12,2336.562209
29.138463,40,2349.683048
29.930354,40,2363.188676
5.035604,7,2365.687198
7.818961,10,2369.012704
10.375852,12,2373.245997
4.852623,6,2375.314905
12.701699,14,2380.089922
12.701699,14,2384.893871
27.583037,40,2398.314945
33.663315,39,2411.432076
29.494148,40,2425.238686
28.95556,40,2438.693538
30.602356,40,2452.404728
11.067128,14,2457.106402
2.4,4,2458.451272
4.8,7,2460.86266
32.972616,40,2473.942525
34.357388,40,2487.355871
3.625845,6,2489.391008
23.922858,27,2498.715837
27.893585,34,2510.510214
29.160814,40,2524.306043
11.467309,13,2528.609774
15.99226,18,2534.655461
23.092013,26,2543.368995
24.094148,35,2555.443226
7.866667,10,2558.816578
27.294148,40,2571.936042
10.93762,12,2576.218843
1.647407,3,2577.229513
1.733333,3,2578.254837
9.878674,11,2581.905378
7.241184,10,2585.446809
3.220723,5,2587.102648
27.383036,40,2600.214704
28.049704,40,2612.942946
14.506013,20,2619.314941
8.70963,11,2622.872102
28.782223,40,2636.684205
28.160815,40,2649.923236
11.195328,16,2655.09436
6.460168,8,2657.695078
4.639189,6,2659.645872
14.072448,15,2664.844179
10.858667,12,2668.951462
10.048989,11,2672.659114
6.998501,9,2675.702511
29.094148,40,2689.361941
12.105852,15,2694.32929
7.305852,8,2697.077513
7.378051,10,2700.372144
5.748825,7,2702.854143
8.505861,11,2706.516811
28.405095,40,2720.245918
28.694011,40,2733.803381
34.5938,39,2747.318955
9.191316,11,2751.271861
5.4,7,2753.727577
30.694148,40,2767.511227
31.465184,40,2781.342265
31.914848,40,2795.031881
29.870034,40,2808.539883
18.266667,22,2815.995352
35.173432,40,2829.904586
31.760815,40,2843.562613
29.335863,40,2857.076601
28.160815,40,2870.927798
8.947838,11,2874.559464
28.981794,40,2888.200518
28.556256,40,2901.603898
29.183037,40,2915.30205
9.598501,12,2919.477018
30.138592,40,2932.953943
19.535945,23,2940.987319
30.938592,40,2954.458616
29.003755,40,2968.116512
30.425982,40,2981.648413
29.333357,40,2995.045387
29.360815,40,3008.716267
28.960815,40,3022.122399
28.871926,40,3036.427501
5.772542,7,3038.777497
5.289452,7,3041.204108
29.894145,40,3054.959352
30.401877,40,3068.664442
13.325418,16,3074.113768
24.025979,30,3084.38138
31.661615,40,3098.007983
29.646443,40,3111.924243
26.827481,40,3125.402848
30.004696,40,3138.77921
27.888755,40,3152.30667
29.492649,40,3165.779894
6.998501,9,3168.827292
14.570424,17,3174.649628
13.635101,15,3179.661003
6.82029,8,3182.410488
6.791731,9,3185.63144
29.492649,40,3199.123331
32.905852,40,3212.635911
29.114063,40,3226.443804
32.283159,40,3239.975237
28.999264,40,3253.423293
28.249704,40,3267.142934
12.26197,15,3272.179519
7.2,10,3275.686375
28.425982,40,3289.045508
18.694148,29,3299.026843
30.935332,40,3312.626263
30.338592,39,3325.939201
31.33586,40,3339.434046
29.248905,40,3353.074497
28.094148,40,3366.716813
30.265159,40,3380.345649
18.154971,23,3388.407151
30.469199,40,3401.964998
29.402573,40,3415.350604
22.954075,29,3425.236278
27.383037,40,3438.669638
27.113109,40,3452.318833
30.76081,40,3465.666766
30.313813,40,3479.200393
13.656929,17,3485.032219
29.937094,40,3498.741164
32.996411,40,3512.293411
14.928637,16,3517.605069
28.733435,40,3530.887507
28.091393,40,3544.143328
30.156921,40,3557.420075
28.133333,40,3570.918559
11.480389,14,3576.016363
23.270427,27,3585.242714
27.915133,40,3598.782272
26.63536,29,3608.782357
28.427462,40,3622.551722
30.160815,40,3636.785414
29.360815,40,3654.628263
28.738592,40,3668.155752
27.26892,40,3681.438946
22.871926,29,3691.479774
26.959316,40,3705.611392
31.775611,40,3719.959162
30.111112,40,3734.393199
30.959319,40,3748.876724
29.91637,40,3762.638643
30.40376,40,3776.031201
29.537094,40,3789.635917
33.002492,40,3803.544121
4.948401,7,3805.958612
16.092512,19,3812.417119
27.583037,40,3826.281882
33.447884,40,3840.07212
12.159312,17,3846.278604
27.583037,40,3859.712269
28.971019,40,3873.474179
27.86675,40,3886.943053
33.227481,40,3900.548991
6.133333,8,3903.308515
16.894148,23,3911.183703
26.694148,40,3924.782039
27.333357,40,3938.496497
12.105852,14,3943.40382
3.310548,5,3945.148988
13.901768,16,3961.618617
34.379138,40,3979.063628
28.0,40,3992.820255
33.227481,40,4019.48924
29.623421,40,4033.557536
17.993379,23,4041.468635
11.17102,14,4046.158672
22.422785,26,4067.084632
14.705853,17,4072.673122
27.983037,40,4086.094379
7.975338,11,4090.088751
34.027481,40,4115.28919
20.882918,27,4124.153374
31.760814,40,4137.28147
30.358796,40,4161.302442
30.116331,40,4175.004636
33.088565,40,4188.348907
29.027481,40,4210.941995
29.492644,40,4223.666994
29.203732,40,4236.889604
11.959113,17,4242.486222
9.305852,11,4259.031743
27.00457,40,4273.778229
30.494148,40,4286.948512
30.294148,40,4309.479411
27.027481,40,4322.623461
27.494148,40,4336.0974
30.137333,40,4363.977155
31.176842,40,4377.262207
15.635102,18,4383.172079
15.76081,18,4389.887694
18.708413,23,4403.948444
27.294148,40,4416.845923
26.805259,40,4430.138736
32.025955,40,4453.729769
29.537927,40,4467.058135
22.524554,26,4475.909648
27.736731,30,4498.264396
5.373325,7,4500.538377
28.42214,40,4513.529305
26.871237,40,4527.285403
30.694148,40,4551.887133
27.583037,40,4564.84341
28.805259,40,4584.715872
28.027481,40,4603.48726
31.263765,40,4616.637356
26.737904,40,4640.476473
29.514487,40,4654.454066
29.160232,40,4667.681413
28.848176,40,4692.49835
28.314848,40,4705.473909
31.625982,40,4719.023388
31.936413,40,4743.868721
26.694148,40,4756.725437
28.088866,40,4769.987547
9.060475,11,4780.173111
31.55169,40,4798.402574
27.183037,40,4811.703916
29.894148,40,4835.338168
29.227481,40,4849.470931
30.403368,40,4862.578009
26.694148,40,4887.389168
30.180282,40,4900.300795
26.758253,40,4913.502497
28.937088,40,4935.774488
26.71637,40,4949.091438
32.066343,40,4962.299362
1.642957,3,4963.326841
27.094148,40,4990.844449
28.671926,40,5003.760004
26.960815,40,5020.56994
10.613702,12,5028.220304
14.523291,18,5033.989599
27.513109,40,5047.085073
27.427481,40,5066.3771
31.469864,40,5083.487123
28.005259,40,5096.629172
31.516339,40,5122.432401
31.892649,40,5135.211042
29.227348,40,5148.500564
6.287953,9,5151.465964
13.501768,15,5164.305617
26.960016,40,5180.850095
27.070427,40,5193.967041
7.528641,9,5196.948252
29.06918,40,5221.831018
28.70165,35,5233.077772
32.337097,40,5246.008933
29.290757,40,5270.809054
30.427465,40,5283.672623
14.576314,22,5290.828588
31.821905,40,5314.303035
31.760815,40,5328.907448
28.025982,40,5341.960355
9.510214,12,5345.883652
22.287018,28,5366.63441
27.627481,40,5379.546405
31.955239,40,5392.750125
29.494148,40,5415.524215
17.046961,23,5422.974431
30.757682,40,5436.358505
8.085332,10,5439.656437
29.44627,40,5467.217982
30.025982,40,5480.526569
29.360815,40,5493.547785
28.849704,40,5513.571026
30.796248,40,5526.489539
24.482939,30,5536.235199
28.07043,40,5559.363942
31.360815,40,5572.528675
1.731275,3,5573.544566
32.160815,40,5595.553892
20.544302,22,5606.349334
14.960815,20,5612.813581
29.227481,40,5625.949867
12.160814,16,5631.200449
24.67028,32,5653.312879
28.494148,40,5666.278372
12.292626,17,5671.824651
28.960815,40,5692.740555
26.694148,40,5707.308748
28.583037,40,5720.780533
27.504126,40,5748.590803
29.492644,40,5761.636131
29.094125,40,5774.723789
29.070683,40,5795.143084
31.402003,40,5808.122741
27.360814,40,5822.527127
32.236529,40,5844.500978
29.494148,40,5857.636163
26.960815,40,5880.137819
13.994959,18,5889.17782
29.826899,40,5902.153474
28.605259,40,5915.121619
31.338577,40,5937.616326
32.929747,40,5950.804055
30.91637,40,5963.850556
29.360815,40,5991.647872
28.691841,40,6004.65694
29.360815,40,6025.575275
21.256391,23,6034.746759
23.069619,28,6043.751068
27.094144,40,6057.010306
28.180845,40,6084.882676
34.678278,40,6097.692594
29.909825,40,6110.821756
28.085132,40,6130.854005
31.319962,40,6144.104286
17.624975,19,6150.41084
13.105177,16,6159.764682
28.372519,40,6178.96984
29.627465,40,6192.118136
6.940921,9,6195.05765
28.536531,40,6220.46672
27.027481,40,6233.52247
29.42587,40,6246.582544
29.973458,40,6271.395791
12.425822,16,6276.670409
29.595327,40,6289.63987
32.49149,40,6313.320901
27.827481,40,6327.332291
28.0,40,6340.32699
27.383037,40,6362.85406
30.199427,40,6375.784091
8.126575,10,6379.096219
23.668665,34,6390.080237
28.6,40,6417.884551
31.706096,40,6430.917636
13.160678,17,6436.357979
11.948821,15,6441.312916
14.966936,17,6452.042662
28.425986,40,6466.93429
29.360815,40,6479.911364
30.53803,40,6503.14241
27.471926,40,6516.045049
29.64968,40,6529.189312
7.994607,10,6532.521147
29.783037,40,6557.679441
28.643748,40,6570.937063
29.760815,40,6586.879258
28.044566,40,6606.643131
8.960811,12,6610.638261
29.2474,40,6623.891198
28.579111,40,6651.771716
28.805259,40,6664.723972
5.663669,8,6667.503274
28.160815,40,6681.49755
29.360815,40,6700.831612
17.160815,24,6708.724654
27.004548,40,6721.855755
31.436173,40,6744.845526
29.249141,40,6757.808856
7.360811,11,6761.421651
26.758253,40,6786.073086
12.21924,14,6791.292607
26.760681,40,6804.205286
30.915431,40,6817.002674
27.481136,40,6839.326001
22.416027,25,6847.34252
29.604016,40,6860.490865
26.738592,40,6888.116515
30.912659,40,6900.978961
28.694148,40,6914.072561
29.44627,40,6934.293258
32.783036,40,6947.845743
30.556738,40,6960.587562
30.249704,40,6973.548994
26.694148,40,6986.386663
18.904726,22,6993.346282
11.871926,16,6998.447131
7.109634,9,7001.318927
26.694148,40,7014.188217
29.360815,40,7026.771293
30.327046,40,7039.632072
26.960815,40,7052.537165
31.334276,40,7065.380402
31.039186,40,7078.144662
29.558253,40,7091.250841
3.422785,5,7099.092211
28.160815,40,7117.281843
27.383037,40,7130.89865
4.8,7,7133.247133
10.528637,13,7142.342223
26.827481,40,7157.780158
5.783037,9,7160.74056
29.894148,40,7173.881874
18.100027,21,7188.94871
16.183037,21,7197.835737
31.627481,40,7211.043321
32.360815,40,7225.885852
7.625845,11,7239.34291
26.827481,40,7254.06509
28.284219,40,7267.154999
27.138592,40,7291.997936
33.760815,40,7305.140534
33.194741,40,7318.697446
29.960815,40,7341.680612
30.356921,40,7354.732466
29.360815,40,7367.729821
29.734219,40,7395.406859
29.360815,40,7408.461027
13.437948,16,7413.724558
26.758253,40,7433.976744
31.439186,40,7447.158363
32.415875,40,7460.4529
37.742224,40,7483.756615
11.265168,15,7488.87344
17.73277,23,7496.348398
28.356577,40,7513.739461
27.012002,34,7533.130438
31.27994,40,7546.145813
27.203755,40,7565.445639
27.534136,40,7583.713483
31.494124,40,7596.692833
31.099899,37,7616.360695
30.59264,40,7631.433185
27.066804,40,7644.286462
37.472816,40,7669.961904
31.20344,40,7685.215246
21.425982,32,7695.718162
31.331165,40,7716.592109
31.333613,39,7729.205021
34.294148,40,7742.604184
15.249684,22,7759.835342
29.13857,40,7772.804716
30.427481,40,7786.102535
28.625322,40,7811.913549
28.115792,35,7823.364958
28.738592,40,7836.348338
27.916234,40,7861.6414
7.772519,9,7864.460164
27.227481,40,7877.630862
31.338592,40,7892.489682
29.494148,40,7915.795727
19.46888,25,7924.052785
33.671926,40,7937.596992
29.894148,40,7960.149865
4.228749,5,7961.755607
12.105852,14,7966.219137
12.505852,15,7971.174716
5.244444,7,7973.502352
7.666667,10,7976.846678
12.395304,15,7982.005881
29.627481,40,8009.765085
31.177473,40,8022.848391
28.671926,40,8035.850753
29.360815,40,8058.174377
30.848205,40,8071.227628
28.694125,40,8084.66788
33.487948,40,8112.10664
31.711071,40,8125.24903
27.094148,40,8145.89643
26.694148,40,8158.806998
31.884573,40,8171.750089
26.694148,40,8194.998919
31.734432,40,8207.932772
28.494125,40,8221.353256
26.960815,40,8246.676272
31.226655,40,8259.601799
31.5763,40,8274.646552
29.360815,40,8295.07153
16.389423,18,8300.886349
30.06654,40,8313.991661
26.983036,40,8341.869401
27.291408,40,8354.771487
28.578802,40,8368.085946
30.190243,40,8388.632147
27.625977,40,8401.487107
31.360815,40,8421.694339
26.827368,40,8438.151088
14.758376,17,8443.649605
26.758253,40,8456.864083
27.11637,40,8482.242193
14.771023,17,8487.925975
30.67032,40,8500.872265
29.492644,40,8523.688159
27.181541,40,8536.848648
24.813071,30,8546.723541
32.090064,40,8574.00275
28.11637,40,8587.803173
26.737904,40,8600.87304
27.627481,40,8621.094753
30.801998,40,8634.430417
31.838747,40,8649.264682
26.694148,40,8670.851201
7.127918,10,8673.990278
29.868665,40,8687.126094
32.248987,40,8712.741742
30.618997,40,8725.763261
28.025954,40,8739.040988
26.868492,40,8761.814129
32.025437,40,8774.583792
27.382238,40,8787.911366
30.292649,40,8815.653007
28.627481,40,8828.665236
31.070034,40,8845.262923
29.44627,40,8862.135189
27.9829,40,8875.022327
28.954818,37,8897.48141
36.283412,40,8910.612422
30.313584,40,8923.916384
5.732668,8,8926.57457
28.31637,40,8952.0488
27.51637,40,8964.842216
30.693369,40,8979.228541
29.494148,40,9000.731713
29.315682,40,9013.622601
26.849703,40,9026.703202
29.492644,40,9054.427687
26.736701,40,9067.508075
31.533277,40,9087.861241
28.225847,40,9100.832914
30.979776,40,9114.038998
3.222222,5,9115.959637
20.235849,23,9133.62377
32.090064,40,9146.889749
11.3829,15,9151.845621
28.314866,40,9166.337863
29.294015,40,9190.556035
16.156953,23,9198.030175
28.427462,40,9211.186215
28.694148,40,9235.940914
27.51637,40,9248.756617
31.282394,40,9262.649088
28.936126,40,9284.334945
29.600023,40,9297.432025
27.91637,40,9310.742042
28.360815,40,9338.291091
15.190937,18,9344.216254
6.265864,8,9346.907135
27.205259,40,9361.067354
14.551089,17,9372.751032
10.928661,14,9377.304879
36.331145,40,9390.55904
27.005259,40,9407.404266
26.372035,35,9425.296947
34.775339,40,9438.569422
31.172679,40,9460.014987
31.026238,40,9476.846963
29.92946,40,9490.054958
15.326575,18,9495.911191
18.366307,21,9512.329903
26.959316,40,9525.088283
27.419665,40,9538.210037
5.266667,7,9540.426856
5.891847,8,9543.086716
26.694148,40,9570.738754
27.070398,40,9583.743277
27.094148,40,9600.595207
29.86669,40,9616.99692
26.760681,40,9630.199754
27.227481,40,9653.517737
29.837118,40,9666.583748
29.647642,40,9679.990122
7.928637,9,9683.164448
31.595867,40,9708.53925
15.260741,18,9714.323163
32.670431,40,9727.45994
23.967676,31,9747.847838
28.556921,40,9762.203896
29.336701,40,9775.143382
5.082831,7,9777.551702
26.893459,40,9800.140163
29.759322,40,9813.115597
26.694148,40,9826.724971
23.225,28,9850.849184
29.089836,40,9863.540402
29.360815,40,9876.52239
6.669811,9,9880.759453
24.741737,28,9896.05667
17.291614,22,9903.089226
21.819116,31,9913.304144
28.894148,40,9936.811364
31.627458,40,9950.004591
31.43364,40,9963.011404
12.275558,14,9967.759511
30.356013,40,9993.081002
32.713575,40,10005.964877
26.804696,40,10025.94415
26.737904,40,10044.039823
31.565778,40,10057.013354
20.694148,28,10068.536709
29.553664,40,10088.692405
28.471363,40,10101.601389
33.34708,40,10115.03982
13.294144,17,10135.109832
27.494148,40,10147.640395
2.928774,4,10148.965354
28.960815,40,10162.028393
32.8459,40,10182.96234
25.961574,29,10196.045198
28.622104,40,10214.302868
22.5274,30,10224.027738
18.545747,22,10237.019576
30.849704,40,10251.900827
29.360815,40,10264.745776
29.049699,40,10288.132001
7.082135,9,10290.980572
3.910175,6,10292.972148
9.637938,11,10296.565693
33.641767,40,10309.625215
28.849684,40,10335.222508
5.871226,8,10338.04084
14.713109,19,10344.066432
30.027481,40,10357.357042
27.827458,40,10379.939535
31.267953,40,10395.41228
27.448199,40,10408.524643
30.372539,40,10431.456987
29.360815,40,10444.249229
26.782348,40,10457.233518
31.597539,40,10484.937873
29.383014,40,10497.531687
17.160815,23,10505.023993
29.001823,40,10525.728164
35.082008,40,10538.628613
27.956358,40,10551.512717
9.082953,12,10556.351923
5.613728,7,10563.121788
31.265357,40,10580.903944
26.893459,40,10593.840121
30.803764,40,10618.873429
34.066474,40,10632.141045
14.938006,21,10639.022793
26.827481,40,10655.709918
31.289989,40,10676.868647
29.871362,40,10689.768488
13.783037,21,10696.691677
32.089108,40,10721.49903
29.582854,40,10734.356755
31.066667,40,10747.282335
27.87177,40,10769.968266
30.560796,40,10783.234833
26.138577,37,10795.346087
30.449703,40,10822.764075
29.492644,40,10835.590301
33.96975,40,10854.5749
32.160815,40,10869.094641
33.731676,40,10882.316291
28.560815,40,10905.587241
29.494148,40,10919.107891
27.91637,40,10932.267994
28.579776,40,10957.916014
12.575834,17,10963.406251
31.492649,40,10976.436494
26.849704,40,10999.05093
28.159316,40,11011.978876
28.599723,40,11025.09966
29.848205,40,11053.237199
29.180995,40,11066.23145
28.471926,40,11079.428798
27.75931,40,11099.681497
34.443078,40,11112.61546
33.589918,40,11131.592905
26.893995,40,11149.018231
26.960815,40,11162.09558
29.001033,40,11187.400677
30.111237,40,11200.697943
30.536709,40,11213.919088
30.910637,40,11237.011474
30.892653,40,11249.896717
26.825977,40,11263.080136
19.760815,26,11286.451369
27.64959,40,11299.224952
29.092644,40,11312.274069
30.470682,40,11333.069139
26.694148,40,11346.009093
30.684066,40,11361.029315
29.360815,40,11382.382026
32.337352,40,11395.769061
29.360815,40,11418.233037
28.294148,40,11434.218999
38.051466,40,11447.500932
28.427481,40,11470.105392
15.480031,19,11476.186989
9.246306,13,11480.506878
30.294148,40,11493.423679
28.627477,40,11521.560608
31.094148,40,11534.398727
29.195304,39,11547.303384
28.025982,40,11567.571588
15.849704,22,11574.589601
26.86211,35,11585.994188
27.715705,40,11609.385386
32.559316,40,11622.405525
31.261626,40,11635.505405
30.37791,40,11661.012673
31.109027,40,11674.012682
24.712309,30,11683.731796
33.013519,40,11706.469383
27.471922,40,11719.226791
14.216843,17,11724.977406
26.694148,40,11738.101531
36.012945,40,11765.734476
29.492653,40,11778.537728
27.049567,40,11799.091846
14.116118,16,11804.240093
26.71637,40,11817.405865
30.271926,40,11833.132611
33.747623,40,11853.618671
30.094015,40,11867.181241
24.382435,27,11876.875416
29.138592,40,11901.491877
27.848199,40,11914.398111
26.802698,40,11933.847469
30.358153,40,11950.093301
28.783002,40,11963.392315
25.068364,37,11981.390438
6.846306,10,11993.445818
28.957456,40,12006.465568
28.027371,40,12019.484847
32.126788,40,12039.994037
9.595304,12,12043.890579
29.581533,40,12057.070225
29.360815,40,12080.341724
28.581538,40,12093.343514
30.401993,40,12106.561654
30.294148,40,12132.158676
13.324553,15,12137.011391
13.6,18,12142.888832
32.641817,40,12155.937193
26.871789,40,12178.264962
34.313708,40,12191.754961
28.538592,40,12204.913165
29.338592,40,12232.814971
30.160815,40,12246.354971
27.36024,40,12262.911464
28.732651,40,12279.794212
7.506419,9,12282.70347
31.827481,40,12295.965469
28.113109,40,12319.343163
26.782344,40,12332.465648
28.427481,40,12345.858867
32.019706,40,12371.48285
28.159316,40,12384.568015
21.532397,25,12392.907583
26.91637,40,12417.617944
28.471926,40,12430.433746
32.423399,40,12443.458865
30.804696,40,12465.910757
27.338592,40,12479.096372
26.694148,40,12492.309307
26.694148,40,12519.988092
26.71637,40,12532.903348
26.714479,40,12553.212881
26.827481,40,12566.035872
8.966703,11,12569.793542
31.714871,40,12582.816744
30.227481,40,12605.933759
26.71637,40,12619.03898
14.395437,16,12624.151075
31.81804,40,12649.802123
29.627462,40,12662.780527
27.583037,40,12675.740129
28.946279,40,12698.085732
5.620723,8,12700.675193
27.360815,40,12713.678081
26.827481,40,12726.909551
31.755494,40,12754.862437
29.249704,40,12767.721287
27.560815,40,12787.183785
29.360815,40,12800.674208
30.532258,40,12813.92247
27.583037,40,12837.648153
29.492644,40,12850.535517
31.155774,40,12863.598091
27.627481,40,12889.15983
33.572519,40,12902.105985
28.983037,40,12917.086714
27.625982,40,12937.548427
27.80457,40,12950.61061
28.53558,40,12963.751139
31.155684,40,12991.504401
29.360815,40,13004.602829
14.168473,17,13010.112596
15.346493,17,13022.5711
29.227481,40,13036.40945
4.689452,7,13038.802888
27.583037,40,13051.926006
27.62559,40,13074.982512
29.490254,40,13087.909737
20.326213,26,13096.605729
31.780376,40,13122.270149
27.71637,40,13135.020626
21.738592,29,13144.418814
29.57858,40,13166.659712
30.025575,40,13179.682794
26.694148,40,13192.771143
32.396811,40,13219.719776
20.174346,27,13228.575455
3.2,5,13230.19062
29.338592,40,13243.220175
31.332543,40,13265.619605
27.183037,40,13278.419964
27.983037,40,13291.528587
15.547998,20,13301.95354
32.772679,40,13325.524644
32.755241,40,13338.546009
31.223395,40,13359.162967
27.71637,40,13372.283509
27.264912,40,13385.674466
31.53319,40,13408.799548
28.078844,38,13421.410492
3.33277,5,13423.028935
28.511866,40,13442.791536
24.267833,32,13458.950383
10.325342,12,13462.78842
24.146775,27,13471.735256
28.401166,40,13490.097402
28.871926,40,13507.404047
31.135594,40,13520.407313
30.044041,40,13542.470335
28.892911,40,13561.562394
27.094148,40,13574.617041
27.494148,40,13594.878626
26.827481,40,13607.740234
31.927338,40,13620.741568
19.581795,22,13638.194493
27.583037,40,13651.010814
26.894125,40,13664.432837
30.160815,40,13689.985754
30.088885,40,13702.955269
28.976407,40,13715.828402
29.338592,40,13740.335914
10.755791,13,13744.50121
7.018668,9,13747.473062
7.326865,10,13750.669737
30.560815,40,13764.050868
31.424739,40,13786.967221
30.467587,40,13800.085206
29.360815,40,13813.22629
31.398498,40,13841.502094
30.160815,40,13855.209126
10.692625,14,13859.901998
31.062346,40,13880.318186
5.338029,8,13882.906041
14.983037,22,13890.265026
31.335936,40,13903.471272
31.068033,40,13926.681541
29.627481,40,13939.809862
28.471926,40,13952.950787
27.627481,40,13978.302727
18.201998,24,13986.06848
27.291955,40,13998.887152
30.027481,40,14021.575121
9.72944,12,14025.445849
29.694148,40,14038.473025
29.294148,40,14051.820479
29.092257,40,14079.472637
8.798501,12,14083.331217
29.494148,40,14097.007586
28.471926,40,14117.602362
6.422785,9,14120.469265
26.575179,32,14131.148439
33.979776,40,14147.71784
30.427481,40,14167.705897
30.950736,40,14181.052819
28.138592,40,14205.69211
27.82492,40,14219.788715
19.17102,23,14227.307106
2.419496,4,14228.652875
30.24192,40,14249.806995
23.155767,28,14260.91499
31.494147,40,14274.601459
33.733149,40,14288.780398
31.581122,39,14315.040817
28.360815,40,14327.950202
6.310424,9,14330.888953
30.027326,40,14351.052958
28.003739,40,14364.180859
10.910497,14,14368.964581
27.646443,40,14391.550163
29.604696,40,14405.37431
28.22517,40,14418.518897
29.249121,40,14444.223632
6.109612,8,14446.760418
30.002256,40,14459.604329
26.97977,40,14472.521385
31.351605,40,14494.851228
21.426664,30,14504.582089
28.605259,40,14517.593746
9.859108,13,14521.811591
32.155774,40,14549.393054
29.648308,40,14562.327003
29.625982,40,14582.903827
28.91637,40,14595.795189
30.002519,40,14608.866164
29.360815,40,14632.489017
15.519518,18,14638.294254
4.13277,6,14640.219349
8.953258,11,14643.819793
29.382926,40,14656.983142
31.735332,40,14682.53991
2.380366,4,14683.812581
29.360815,40,14696.746831
29.360815,40,14711.54739
32.694148,40,14732.100208
31.356509,40,14744.931178
27.996979,40,14758.065482
34.298569,40,14785.742032
28.405241,40,14799.229407
29.602588,40,14819.489516
32.959316,40,14832.519283
34.394919,40,14845.870201
26.960795,40,14869.264757
27.691586,40,14882.033932
32.136289,40,14895.175582
31.537094,40,14920.512003
29.383037,40,14933.438539
29.205148,40,14951.260541
4.798501,7,14957.34513
3.760811,6,14960.206433
30.78002,40,14972.996927
30.245576,40,14985.94113
22.972378,29,15003.229266
28.159316,40,15023.043445
31.068492,40,15036.211593
31.378878,40,15056.645562
29.492649,40,15069.734778
30.84819,40,15082.763521
14.947036,17,15097.312778
32.425982,40,15111.53971
31.759316,40,15124.920283
27.73857,40,15150.815
26.910688,36,15162.288903
32.33301,40,15175.29593
38.110475,40,15199.859266
31.222195,40,15212.824428
4.183036,7,15215.097562
28.648202,40,15228.759558
29.494148,40,15250.932388
27.248199,40,15263.915195
28.983036,40,15277.195127
13.596106,19,15297.909924
16.260471,18,15303.54712
30.027481,40,15316.458062
30.266667,40,15336.185661
32.336838,40,15349.740243
23.575124,29,15359.407825
29.494148,40,15382.580053
19.700269,22,15389.890873
32.159316,40,15403.036066
29.027458,40,15418.395074
29.205259,40,15441.343482
32.270427,40,15454.036962
29.226682,40,15474.392617
30.26992,40,15489.75687
31.688566,40,15502.991343
28.627481,40,15528.682836
13.348198,16,15535.997606
30.755774,40,15548.954922
32.311862,40,15564.17729
8.711111,11,15573.129966
16.334228,20,15579.379457
12.445031,19,15585.483193
27.538592,40,15598.364069
32.979057,40,15621.627548
28.716219,40,15634.591202
29.360815,40,15647.843598
27.448199,40,15673.555343
18.15931,27,15682.415035
33.633034,40,15695.663599
13.59148,16,15704.702719
27.071926,40,15723.168632
26.825977,40,15736.001276
31.849704,40,15750.997457
31.627481,40,15776.703797
28.605145,40,15789.785264
27.494148,40,15810.116405
29.688337,40,15822.928774
27.427481,40,15836.015516
30.403763,40,15859.293315
26.84782,40,15872.387816
30.573082,40,15885.368236
29.338592,40,15910.641751
30.160815,40,15923.826828
29.425982,40,15943.385982
28.960815,40,15959.516351
6.025845,9,15962.451654
33.011839,39,15975.291586
26.694148,40,16002.958875
29.760815,40,16015.579155
29.360815,40,16028.431643
27.583037,40,16048.614347
28.427477,40,16061.435716
30.160815,40,16075.47428
30.960815,40,16097.544325
33.181799,40,16110.414888
27.760126,40,16131.194216
28.666643,40,16148.944967
34.290064,40,16161.674672
29.360815,40,16183.87023
27.777251,40,16197.048818
27.027481,40,16209.903163
6.027481,10,16213.177868
26.960815,40,16240.962995
29.627481,40,16253.908898
13.768435,16,16259.157752
30.870427,40,16279.506145
26.827481,40,16292.426051
34.560814,40,16305.450705
30.027481,40,16328.451637
27.160815,40,16341.313546
29.248905,40,16354.474944
29.360815,40,16380.11548
11.725971,14,16384.541017
9.489452,12,16388.545764
29.692621,40,16401.623385
28.960815,40,16424.032362
30.559316,40,16437.076933
3.222222,5,16438.704075
33.547976,40,16451.756896
31.359316,40,16478.201316
4.907766,7,16480.463514
29.360815,40,16493.292601
31.844132,40,16514.425592
32.025982,40,16528.919297
31.044444,40,16541.963997
30.060848,40,16569.472538
28.271926,40,16582.252902
28.601921,40,16595.190875
33.523725,40,16615.617064
31.444248,40,16628.597197
5.891847,8,16631.206594
1.710548,3,16632.227454
30.025982,40,16651.576282
29.492644,40,16668.166887
29.133314,40,16681.386444
32.490238,40,16706.855016
3.462108,5,16708.412219
13.435103,16,16713.565934
20.68172,23,16721.041333
18.366323,20,16727.517313
11.267691,15,16732.557464
31.601108,40,16755.126339
30.646329,40,16768.153217
27.183037,40,16781.221055
26.868492,40,16808.697674
29.402532,40,16821.625424
28.827481,40,16834.537503
11.782755,16,16847.059107
35.760815,40,16859.910973
32.213442,40,16873.140751
5.910283,8,16875.753312
30.136701,40,16898.879929
31.195307,40,16911.624424
14.392436,17,16917.090384
32.979146,40,16942.676344
34.401998,40,16955.471923
28.711328,40,16968.745737
31.749883,40,16991.224293
30.461412,40,17004.190197
30.268665,40,17017.283546
32.089011,40,17045.085577
26.848199,40,17058.01878
33.156577,40,17072.967245
31.531352,40,17091.524989
23.100441,27,17100.193238
29.360815,40,17114.544249
25.97277,37,17135.494531
32.447638,40,17148.506405
29.360815,40,17167.270755
26.80446,40,17187.029161
30.559316,40,17200.233319
31.772519,39,17221.312498
31.160681,40,17235.139162
27.494148,40,17248.211354
10.376258,14,17252.963423
29.205259,40,17280.763612
31.535022,40,17293.954939
31.225982,40,17310.398104
18.938002,24,17322.564993
5.760811,9,17325.48957
27.937093,40,17338.35802
8.505856,10,17341.67658
28.827481,40,17365.054168
29.494148,40,17377.974452
30.557548,40,17390.880458
29.514843,40,17416.642577
33.337094,40,17429.661922
13.359014,16,17434.960489
16.738588,21,17441.745402
29.114193,40,17464.113823
27.226816,40,17476.941018
29.314479,40,17489.991735
29.804019,40,17517.388955
16.345735,19,17523.469686
30.172523,40,17536.367651
17.524553,22,17546.514836
7.421983,9,17553.753966
31.960681,40,17566.791581
30.4,40,17580.387194
28.868909,40,17603.584692
29.360815,40,17616.369077
29.537767,40,17629.443513
3.727054,5,17631.608593
33.288565,40,17656.154549
7.341836,10,17659.332023
29.870685,40,17672.377741
29.492644,40,17694.931201
26.694148,40,17707.739299
26.80457,40,17720.948285
29.360815,40,17748.65846
29.487608,40,17761.304812
1.641197,3,17762.313223
30.815842,40,17775.418979
30.292649,40,17795.492455
16.32295,19,17801.705205
31.092649,40,17815.18676
10.442355,14,17820.443394
30.425982,40,17842.825651
30.866005,40,17855.936111
31.989912,40,17877.430155
27.160815,40,17894.452096
30.333545,40,17907.62658
30.805259,40,17930.095399
12.293987,17,17935.41549
28.849703,40,17948.420035
24.740388,28,17957.497457
18.769133,25,17968.971756
26.694148,40,17992.967186
32.960815,40,18005.898996
30.202519,40,18026.368824
27.359316,40,18039.306451
31.360815,40,18052.200953
28.227463,40,18074.599239
31.868664,40,18087.507554
29.338592,40,18100.851318
29.360815,40,18126.189471
9.86197,12,18130.051319
34.416502,40,18143.218862
13.960815,21,18150.023006
26.714479,40,18172.342374
26.827481,40,18185.275899
11.237687,13,18189.468232
8.842957,12,18193.389586
28.849704,40,18221.06393
29.137904,40,18233.994288
29.027466,40,18246.869648
33.447047,40,18267.056937
34.560815,40,18279.776017
13.172519,16,18284.869455
12.449141,17,18290.97641
6.441184,9,18299.976136
26.91637,40,18316.412643
23.360815,32,18326.622491
29.360815,40,18347.500398
1.489452,3,18351.482217
26.694148,40,18367.470438
28.915431,40,18381.251956
30.158311,40,18403.841089
28.288326,40,18416.598684
29.905112,40,18429.544643
26.694148,40,18457.332006
27.094148,40,18469.883826
27.405259,40,18483.233531
4.8,7,18489.480648
32.265416,40,18505.667131
17.624715,22,18512.945046
15.068665,20,18519.829918
28.849141,40,18542.760291
33.309843,40,18555.510774
29.271926,40,18568.535227
10.294148,14,18574.890626
29.382919,40,18598.387778
11.648204,16,18603.728856
30.027481,40,18616.566753
29.494148,40,18639.060202
7.861971,10,18642.239727
7.322167,9,18645.282868
32.733389,40,18658.50348
28.360814,40,18675.529853
32.49167,40,18699.151363
28.977461,40,18712.312687
29.360815,40,18732.491621
29.405259,40,18745.541808
32.195054,40,18758.899034
28.471344,40,18782.115268
29.294015,40,18795.00693
27.894148,40,18809.07583
26.735228,34,18831.485513
30.960701,40,18844.508451
30.064228,40,18859.995245
34.425982,40,18882.098394
28.983037,40,18894.86104
23.534025,33,18906.754796
27.583037,40,18928.033327
29.494148,40,18941.187444
35.015623,40,18954.315621
31.487269,40,18981.611464
26.960792,40,18994.328692
32.529091,40,19014.763834
17.237686,19,19020.749807
8.622785,11,19024.312042
11.969821,14,19028.854076
9.959179,14,19033.451574
29.554899,40,19049.294551
29.914872,40,19069.403539
30.935332,40,19082.292477
26.694148,40,19104.821226
30.094125,40,19120.483845
29.494148,40,19133.426091
23.954691,31,19149.947371
29.760815,40,19165.820568
26.827481,40,19179.021773
30.154149,40,19203.969075
29.227481,40,19218.527183
31.819057,40,19231.354227
27.247812,40,19254.017018
27.138482,40,19266.931121
17.671922,25,19275.009029
28.353536,40,19291.32716
31.77418,40,19315.716553
29.175351,40,19328.601056
29.070034,40,19349.007075
30.400004,40,19361.652189
29.360796,40,19374.709402
29.3367,40,19397.928389
28.471926,40,19410.872609
26.849704,40,19423.940972
27.738592,40,19449.15854
30.071926,40,19462.09423
30.027481,40,19479.328351
26.827481,40,19497.470446
31.627481,40,19510.45666
30.913067,40,19526.029201
26.960815,36,19549.768309
31.6891,40,19562.929039
18.308614,24,19571.648602
28.559197,40,19591.249501
27.583037,40,19604.027081
31.20376,40,19626.500878
31.094148,40,19640.239552
27.649704,40,19653.47262
28.335585,40,19679.131785
26.803345,40,19691.912193
30.825982,40,19704.583348
29.839186,40,19727.392475
34.066359,40,19740.518522
29.203751,40,19753.368786
30.392207,40,19781.120486
10.793809,12,19784.87807
29.627481,40,19797.938271
22.49357,32,19813.508123
32.755774,40,19828.708316
31.535862,40,19841.92634
31.620327,40,19865.144785
30.559316,40,19877.958441
19.228567,22,19885.414123
7.671363,11,19888.96744
29.15931,40,19914.53951
27.894148,40,19927.132977
33.223375,40,19940.204942
31.082678,40,19962.492898
29.869265,37,19974.523114
29.975715,40,19987.687312
10.86047,14,19992.125768
31.227481,40,20019.510143
25.490751,35,20031.015711
33.934685,40,20049.928862
31.691406,40,20064.344225
29.514848,40,20077.370496
26.694148,40,20100.58814
4.249014,7,20102.816781
17.883068,22,20109.861185
30.065144,40,20122.706143
26.827481,40,20148.255539
29.360815,40,20161.059894
28.173322,40,20174.067861
31.227481,40,20196.6068
29.027481,40,20209.805508
27.094148,40,20222.820206
29.336701,40,20250.36187
7.481472,9,20253.312711
29.627481,40,20266.168905
30.24331,40,20284.214144
29.902113,36,20298.281551
28.430061,34,20309.356466
29.627481,40,20329.847448
28.071922,40,20345.470544
29.781789,40,20358.598605
32.602749,40,20384.079505
29.360815,40,20396.65709
27.360815,40,20409.653129
29.404016,40,20432.041162
29.514871,40,20444.941132
31.225979,40,20457.859917
16.336117,21,20467.244977
23.583005,35,20490.602789
7.039185,8,20493.211683
27.892649,40,20506.123325
22.480285,25,20518.413771
30.694148,40,20534.224147
30.265166,40,20547.093027
14.903763,18,20553.103644
8.372542,10,20560.851053
33.707432,40,20579.485871
19.590002,22,20586.824889
32.356732,40,20599.897006
26.890715,40,20625.005828
28.827481,40,20638.365229
13.905852,15,20643.264325
30.470427,40,20668.030127
32.00211,40,20680.835418
13.639185,15,20685.920711
10.928637,12,20689.843545
29.379776,40,20711.932792
28.445224,40,20725.27371
30.325877,40,20738.388882
6.220078,8,20741.015737
33.288569,40,20768.615333
31.179679,40,20781.787755
29.894148,40,20794.892481
34.160815,40,20815.14426
31.110715,40,20828.232854
26.694148,40,20848.619481
30.225982,40,20864.651562
29.938588,40,20877.613087
30.427481,40,20903.038122
31.921124,40,20915.971268
28.471926,40,20928.842199
27.760814,40,20951.332837
28.979231,40,20964.159956
29.627481,40,20977.481364
31.894148,40,21005.057411
31.116366,40,21017.850606
30.847398,40,21030.780749
28.092256,40,21051.164979
32.242365,40,21064.128033
30.091487,40,21083.795018
32.11637,40,21100.431622
31.225982,40,21113.400326
27.003641,40,21138.763105
30.427481,40,21151.544668
26.7589,40,21164.458182
32.427477,40,21187.040822
29.471792,40,21200.027421
29.844499,40,21212.920748
28.114188,40,21240.829084
5.360811,8,21243.428416
29.172519,34,21254.40219
30.844612,40,21267.83656
7.089452,10,21276.418587
26.737904,40,21290.60993
3.360811,6,21292.607304
27.175846,35,21304.005639
31.552875,40,21327.223409
29.733536,40,21340.248585
28.91637,40,21353.231216
28.294144,40,21378.611243
29.360815,40,21391.260575
29.760815,40,21404.193783
14.960815,22,21420.865834
27.849704,40,21433.750105
26.737904,40,21446.81246
26.694148,40,21474.5984
32.639209,40,21487.60586
11.369821,13,21491.775472
30.045634,40,21508.972923
32.755229,40,21525.233359
28.471926,40,21538.04519
30.404696,40,21561.110902
17.367472,21,21567.884562
26.645469,38,21580.178376
26.694148,40,21596.657652
28.313086,40,21618.52454
5.771271,7,21620.794925
27.271237,40,21633.839328
28.827481,40,21656.314949
7.284141,10,21659.452534
29.405259,40,21672.144756
29.494148,40,21684.98208
28.494148,40,21712.748153
30.288866,40,21725.749922
15.080369,17,21731.276159
32.535857,40,21751.628987
30.133825,40,21764.52969
19.899297,23,21771.872151
26.694148,40,21795.308046
28.071926,40,21807.95669
6.172519,7,21810.204657
34.486536,40,21823.473372
29.894148,40,21849.102362
29.470398,40,21861.854675
33.225986,40,21874.925478
29.494148,40,21897.02248
31.015734,40,21909.975766
19.838305,23,21917.443304
20.270682,26,21927.940722
27.51637,40,21953.387723
28.738592,40,21966.201101
31.494148,40,21986.56981
6.326035,8,21989.11012
28.11637,40,22001.973962
10.9985,13,22006.352651
30.799048,40,22027.439695
29.11298,40,22042.267035
33.290064,40,22055.12655
13.168815,15,22060.060215
30.734906,40,22085.618905
32.694148,40,22099.05478
27.603758,40,22114.87847
29.116352,40,22136.983936
27.138592,40,22150.308765
26.871926,40,22170.623029
13.959316,19,22179.148532
10.071584,13,22183.405798
13.037686,16,22188.559481
29.627481,40,22201.720375
3.760811,6,22203.763659
28.538592,40,22232.011117
28.294148,40,22245.345414
18.061619,22,22252.748357
30.706568,40,22273.102958
29.492644,40,22285.832339
32.327397,40,22299.065947
27.792833,40,22322.172934
32.426816,40,22335.149874
27.516366,40,22352.041105
17.501872,20,22366.998939
29.358923,40,22380.096601
29.314479,40,22393.147823
4.0,6,22395.593019
17.202952,23,22412.18979
27.670034,40,22424.970875
4.470034,7,22427.259495
29.065171,40,22440.360221
29.958074,40,22467.776831
30.294148,40,22480.657393
3.511111,5,22482.231401
7.087953,10,22485.473115
30.025982,40,22505.951447
33.335332,40,22518.880595
31.469269,40,22532.097055
32.620841,40,22555.685429
29.894148,40,22568.591295
22.854256,27,22577.422967
31.868659,40,22603.04615
29.494148,40,22616.167286
27.383037,40,22629.511793
29.360815,40,22652.202281
26.694148,40,22665.054858
34.334694,40,22678.624244
26.694148,40,22705.568971
27.532632,40,22718.611918
33.220137,40,22739.645984
29.492644,40,22752.319494
27.049703,40,22765.279619
32.159319,40,22785.666052
29.227481,40,22798.768949
29.094143,40,22813.850481
27.205259,40,22835.357272
29.948623,40,22848.58022
8.639186,10,22852.002207
4.771157,6,22854.056293
30.427481,40,22879.685433
29.360815,40,22892.560392
2.160012,4,22893.867879
8.504357,10,22897.119958
28.735193,40,22918.137671
11.220621,15,22924.612764
15.401998,21,22931.514136
32.136288,40,22944.628103
30.490157,40,22966.956591
29.888914,40,22985.318437
27.405255,40,22998.280687
11.036534,13,23002.740397
30.025982,40,23023.076912
29.644684,40,23036.613972
31.89401,40,23058.031557
30.599977,40,23072.896672
12.105853,14,23077.716406
29.294148,40,23090.681678
29.825414,39,23115.839968
31.425317,40,23128.861188
26.694148,40,23142.95438
1.066667,2,23144.744748
32.804696,40,23165.370614
28.116351,40,23178.8779
5.77727,7,23181.164124
34.42201,40,23209.077161
29.380582,40,23221.906618
28.89262,40,23234.739049
27.2497,40,23255.004919
29.360815,40,23267.962048
28.471926,40,23281.243848
29.494148,40,23304.257198
26.694148,40,23317.125197
33.913711,40,23337.989771
22.957267,28,23352.325442
15.551232,18,23358.0484
29.360815,40,23371.084929
26.827481,40,23393.917024
17.535332,23,23401.25226
10.74704,12,23405.212915
30.025982,40,23418.351122
30.427481,40,23446.146043
30.022441,40,23458.825422
31.201998,40,23471.770562
28.111351,40,23491.915803
30.847226,40,23504.690869
30.160815,40,23519.665721
31.755236,40,23540.596047
32.827481,40,23553.54771
32.307517,40,23575.829692
32.491402,40,23592.345207
29.494148,40,23605.490791
35.982413,40,23628.04384
28.777634,40,23640.841214
30.159316,40,23654.077942
27.316347,40,23682.010408
27.11637,40,23695.066619
29.892649,40,23708.455312
26.93803,40,23729.121594
29.800023,40,23741.977968
31.024583,40,23761.789345
27.583037,40,23778.204969
28.395662,40,23791.357923
33.068669,40,23817.019881
29.494148,40,23829.93541
5.020735,7,23832.278737
29.356049,40,23845.575094
31.490062,40,23868.375227
26.694148,40,23881.368607
29.094148,40,23894.376585
17.253632,20,23915.923733
32.025982,40,23928.830008
29.159315,40,23942.20705
33.726415,40,23962.638137
26.825977,40,23976.114413
19.566936,22,23983.262033
30.783037,40,24006.59413
29.183018,40,24019.476399
33.356602,40,24032.995084
29.183037,40,24058.749574
29.693459,40,24071.69675
25.727526,34,24083.716312
29.336701,40,24105.425639
4.027481,7,24107.896578
29.849703,40,24121.030147
21.328637,24,24128.844124
29.226683,40,24156.425492
14.44957,22,24163.381233
30.067845,40,24176.459139
26.825977,40,24196.83954
4.354068,6,24198.919906
35.152669,40,24211.777296
26.694148,40,24230.190787
32.366694,40,24248.656882
26.959307,40,24261.928635
29.73347,40,24287.666315
29.337087,40,24300.33273
30.821987,40,24313.372936
29.871926,40,24335.94149
28.960811,40,24348.73285
26.827481,40,24361.535722
10.777258,12,24365.437466
15.239074,17,24385.654907
7.710215,9,24388.435488
27.714866,40,24401.430046
28.20524,40,24414.651774
30.778536,40,24435.303527
29.360815,40,24448.096438
14.294125,18,24454.013899
32.711155,40,24476.778852
29.427481,40,24489.519702
21.595197,29,24499.024668
15.328797,18,24505.986508
31.734432,40,24530.410415
26.694148,40,24543.173934
9.193644,12,24547.142791
29.759316,40,24569.677852
29.360815,40,24582.934204
32.485868,40,24596.337174
33.146354,40,24624.092162
4.687953,7,24626.351255
34.421485,40,24639.13732
35.401362,40,24653.30599
27.937094,40,24672.119768
30.425982,40,24685.06341
28.624235,40,24707.803701
32.224997,40,24721.626868
29.938592,40,24734.802527
5.443772,8,24737.475331
31.683639,40,24762.841151
30.160815,40,24775.647171
29.894148,40,24789.003919
28.867729,40,24811.344303
29.894148,40,24824.824297
30.913012,40,24837.815068
33.844444,40,24865.433677
27.268492,40,24878.774273
22.088491,27,24889.308449
28.515682,40,24908.056883
7.111713,8,24910.653981
14.149623,19,24916.800478
17.905723,20,24923.656776
3.039322,4,24924.988564
6.015726,7,24927.222879
11.130616,13,24935.824844
30.399157,40,24954.855016
13.621702,16,24960.42115
33.070688,40,24973.478877
9.445047,11,24978.953276
33.690253,40,25002.534669
28.560815,40,25015.555315
30.047042,40,25037.538807
29.494148,40,25053.32949
32.956731,40,25066.295705
31.195645,40,25088.822019
6.662108,9,25091.755591
31.094125,40,25104.729025
28.537088,40,25117.599477
27.225982,40,25145.085759
14.657888,18,25150.737727
30.4467,40,25163.530689
26.694148,40,25183.981444
27.360811,40,25197.241305
27.627481,40,25210.451712
32.686011,40,25234.030483
31.134409,40,25246.960372
15.205259,20,25253.394661
28.559316,40,25279.215119
8.993507,10,25282.463708
30.694148,40,25295.383346
27.494148,40,25308.369016
32.465181,40,25330.975524
27.627481,40,25343.953446
7.83769,10,25347.161424
30.068665,40,25368.988777
28.759306,40,25387.619439
29.759316,40,25400.515031
14.514349,22,25410.287906
31.201998,40,25427.812549
26.694148,40,25440.789954
31.691847,40,25464.304191
29.271903,40,25477.168734
28.338592,40,25490.189841
15.480369,17,25497.328808
29.627481,40,25521.443287
32.001333,40,25534.529646
28.160815,40,25554.295173
28.405259,40,25569.735089
26.694148,40,25582.587533
17.769957,23,25590.189274
33.492338,40,25617.740575
28.758168,40,25630.809353
29.866534,40,25648.334523
33.065781,40,25664.418281
29.203752,40,25677.40092
33.000377,40,25700.764614
29.627481,40,25713.612392
29.336701,40,25727.219909
29.405244,40,25752.644334
29.094148,40,25765.390929
31.997482,40,25778.654038
30.160815,40,25801.309716
30.355774,40,25814.247683
28.760815,40,25827.327394
8.613703,10,25840.900374
24.372803,32,25854.984858
29.470422,40,25868.103726
26.694148,40,25889.100553
30.10807,40,25903.736784
29.999252,40,25916.691617
30.328102,40,25943.72293
29.846947,40,25956.650406
7.080937,9,25959.570474
33.760815,40,25972.428989
27.247701,40,25994.920518
29.270427,40,26007.893869
29.437398,40,26021.50277
26.102267,35,26047.48842
20.143906,23,26054.9333
13.97102,16,26060.041931
29.494148,40,26075.507473
8.637687,10,26083.652642
18.672754,20,26090.05567
29.492649,40,26102.826905
26.081865,31,26112.95177
32.40376,40,26136.353781
29.094148,40,26149.419817
32.427481,40,26168.334451
33.59132,40,26188.236753
30.954944,40,26201.214492
31.360814,40,26223.025369
29.760815,40,26236.664741
26.694148,40,26249.43042
29.578876,40,26277.219553
12.528637,15,26282.007491
13.067912,14,26286.614377
33.820284,40,26299.593333
28.600023,40,26319.881527
28.202535,40,26332.694375
28.627481,40,26345.777915
26.694148,40,26369.342602
26.694148,40,26382.151395
28.415887,40,26395.504317
32.248448,40,26420.756782
31.555323,40,26433.651005
17.455434,21,26440.456167
29.604696,40,26465.58285
32.133357,40,26478.350986
30.427481,40,26491.461253
27.027481,40,26513.796698
28.427481,40,26526.752662
27.360815,40,26539.653234
27.671237,40,26566.522855
25.343491,31,26576.680453
24.50023,28,26585.971524
31.402598,40,26608.842204
30.137096,40,26622.042048
29.441464,40,26635.141672
29.333419,40,26662.939621
3.671902,6,26664.889043
26.714479,40,26677.549593
31.155774,40,26694.135745
29.360815,40,26710.915818
26.827481,40,26723.8895
30.39415,40,26747.225386
31.467691,40,26760.1146
31.310525,40,26773.29078
29.54882,40,26798.882962
8.372542,10,26802.249702
30.869254,40,26814.991972
30.160815,40,26831.70009
30.535852,40,26850.243583
29.471363,40,26863.057104
12.768687,15,26867.959818
32.425982,40,26895.59769
28.649703,40,26908.163701
28.760815,40,26921.307488
13.482245,15,26930.669714
31.246443,40,26946.30397
28.289589,40,26959.091051
13.195327,17,26964.62542
29.334775,40,26987.749114
29.360815,40,27000.624081
27.715705,40,27016.329103
29.336701,40,27038.916284
26.694148,40,27051.872091
31.466667,40,27072.428336
12.81432,17,27080.164649
29.336701,40,27093.253335
27.22559,40,27106.578825
26.847812,40,27134.247919
28.315704,40,27147.01126
31.759288,40,27162.57261
29.289102,40,27180.483611
30.089926,40,27193.311808
30.401998,40,27216.259351
27.427481,40,27229.056717
29.492644,40,27242.230496
31.355761,40,27267.913364
31.884471,40,27281.096383
26.960815,40,27293.909671
30.694148,40,27316.573905
31.17738,40,27329.705876
34.372519,40,27343.128781
8.090689,10,27347.323474
30.022851,40,27374.177685
27.494148,40,27387.648892
31.146713,40,27408.224351
30.094148,40,27420.971663
31.094147,40,27434.343097
30.000137,40,27457.600303
29.711351,40,27470.625549
31.848465,40,27485.003622
29.760815,40,27509.110226
29.466195,40,27522.241399
29.047812,40,27542.340164
21.026786,30,27554.517116
1.622222,3,27555.504268
31.954858,40,27568.639356
27.960815,40,27583.67963
34.559316,40,27609.780621
28.795331,40,27622.90896
27.827481,40,27643.505475
31.158154,40,27656.442566
31.155778,40,27669.476057
13.360815,20,27685.713726
30.559556,40,27699.208953
16.017628,18,27705.074195
27.225982,40,27718.373185
26.697685,30,27740.52882
4.90438,6,27742.498746
30.467611,40,27755.614142
28.138588,40,27771.414066
31.73803,40,27791.183621
19.381236,23,27798.517957
27.560815,40,27811.781617
32.511873,40,27838.863306
29.49124,40,27851.779864
29.94243,33,27862.697991
30.622522,40,27885.607394
29.827481,40,27898.927668
27.315678,40,27912.36113
27.583037,40,27940.021827
31.066878,40,27953.064304
28.405258,40,27972.451127
29.227481,40,27986.425074
29.027481,40,27999.253369
29.336701,40,28022.799847
29.205259,40,28035.681885
31.154852,40,28048.633827
27.583037,40,28073.939801
10.681889,13,28078.099439
31.627481,40,28091.058429
8.77102,10,28094.245407
30.268665,40,28116.803185
28.005258,40,28130.042183
32.222719,40,28143.298755
31.492644,40,28171.282416
32.404019,40,28184.384473
7.595327,10,28187.619281
29.627481,40,28205.770227
26.982459,40,28223.281778
33.269268,40,28236.542614
29.494148,40,28258.647887
9.372523,11,28268.073252
30.755957,40,28281.01073
31.572893,40,28294.168351
4.008691,6,28297.345063
29.57977,40,28316.557752
26.960815,40,28329.25261
28.694148,40,28351.199245
30.420505,40,28365.168888
30.68863,40,28378.228919
28.960815,40,28403.624791
29.094148,40,28416.241953
31.534436,40,28429.082322
32.694148,40,28451.561682
29.314479,40,28464.348576
29.893483,40,28477.295849
14.638489,19,28485.108232
12.505852,14,28502.928054
33.692622,40,28516.287687
11.795307,13,28520.515332
32.300557,40,28538.509526
30.560815,40,28554.046746
14.702181,17,28559.557591
8.934761,11,28563.141379
29.311111,40,28581.830247
29.360815,40,28599.230352
28.618436,38,28611.623807
26.694148,40,28637.176306
18.65732,23,28645.031694
31.471926,40,28658.232092
30.027481,40,28676.089547
33.973464,40,28694.125526
29.494148,40,28707.21098
27.754068,40,28729.464467
30.559316,40,28748.206527
13.894148,18,28754.000674
32.694148,40,28769.222255
19.069408,22,28781.681187
20.637938,22,28788.767961
30.960814,40,28801.86273
26.783014,40,28825.106705
15.857515,18,28830.930964
31.868665,40,28843.853058
28.494148,40,28860.452923
30.693482,40,28882.175015
30.001998,40,28895.198873
33.037599,40,28916.324927
30.95931,40,28931.222502
7.22212,10,28934.376255
7.8222,11,28937.970417
29.71637,40,28950.888061
29.338592,40,28978.398126
7.328637,9,28981.384468
24.214581,27,28990.07392
29.494148,40,29005.989376
31.880462,40,29023.487794
30.383022,40,29036.393332
29.714871,40,29059.805376
31.627481,40,29072.472527
19.214771,24,29080.224313
29.336701,40,29099.9994
29.071926,40,29118.117359
28.160815,40,29130.88649
30.692649,40,29152.716166
29.627481,40,29166.419946
26.694148,40,29179.250224
32.159315,40,29207.126987
30.803749,40,29219.963073
29.336701,40,29232.693283
29.760815,40,29252.99054
26.825977,40,29265.661461
28.271926,40,29278.805082
28.715572,40,29301.264705
17.433633,21,29308.015326
31.226191,40,29321.113151
29.760815,40,29346.715176
28.357683,40,29360.03592
29.494148,40,29373.109214
10.541708,13,29382.987993
32.662998,40,29399.843306
26.827481,40,29412.746678
31.200137,40,29430.278669
27.494148,40,29453.229683
26.694148,40,29466.272675
29.381533,40,29486.596055
28.803219,40,29499.664314
29.732632,40,29512.57863
31.892649,40,29535.888206
30.227481,40,29549.067873
26.738455,40,29564.084923
29.627481,40,29587.82471
5.445125,7,29590.024824
30.170037,40,29602.825229
32.467436,40,29625.576697
30.827481,40,29638.584864
28.360815,40,29651.680944
29.95524,40,29679.491795
28.694148,40,29692.746575
31.820961,40,29705.776491
27.71637,40,29726.092674
27.205259,40,29738.935861
29.068665,40,29756.916162
32.310323,40,29775.693853
10.159316,14,29780.196414
26.960795,40,29793.058283
27.827481,40,29818.63814
15.213702,17,29824.049416
9.6,13,29828.12561
30.692649,40,29841.207108
29.756921,40,29863.464516
25.992647,35,29874.629817
12.128638,14,29879.207013
31.401172,40,29892.326973
28.738592,40,29918.966297
31.492649,40,29932.005235
27.205259,40,29949.340265
30.248199,40,29967.32889
29.894148,40,29980.219391
28.805259,40,29996.028456
29.360815,40,30020.579338
27.558263,40,30033.518535
30.003739,40,30054.053965
33.999676,40,30066.924464
31.225982,40,30080.27165
33.46919,40,30103.414942
33.972519,40,30116.315226
24.32075,27,30125.048594
30.294148,40,30150.708587
28.894148,40,30164.422436
29.892644,40,30177.610411
31.659468,40,30200.2951
30.992283,40,30213.363469
10.989835,13,30217.70289
4.06368,6,30219.77653
24.427344,28,30236.655269
28.292616,40,30257.171052
30.427481,40,30270.61846
29.603368,40,30291.64526
28.805259,40,30305.234749
29.494148,40,30319.278963
28.194959,40,30340.873671
29.760815,40,30354.204161
29.759316,40,30374.671503
27.449122,40,30392.747851
6.227481,9,30395.824817
30.567016,37,30407.959379
27.605259,40,30432.788772
32.771024,40,30445.571873
27.760815,40,30459.197779
32.401175,40,30481.911763
29.360815,40,30495.126148
31.314874,40,30508.434602
29.360815,40,30536.16482
29.293573,40,30548.755595
29.88881,40,30565.609287
27.783037,40,30582.062561
30.870427,40,30595.203675
26.714479,40,30618.725395
30.036938,40,30631.804385
2.620735,4,30633.124376
7.571282,9,30636.006479
30.048905,40,30650.908302
30.027481,40,30674.630472
28.160815,40,30687.612388
29.403188,40,30707.095345
24.560815,34,30721.055554
12.639185,14,30725.630534
9.982109,12,30729.553668
31.061971,40,30742.917695
28.760815,40,30770.496041
12.571157,15,30775.321527
11.639185,13,30779.44445
26.292653,32,30789.853525
31.395475,40,30810.123733
27.960815,40,30823.181783
29.403758,40,30836.008564
31.760815,40,30859.425004
29.471926,40,30872.569346
3.904607,5,30874.15044
30.00376,40,30895.69863
26.714479,40,30912.084382
29.648905,40,30924.900029
28.314866,40,30948.22658
