#{"t_start": 1764480613.2480724, "env_id": "merge-v0"}
r,l,t
7.264612,8,5.320748
4.117875,5,5.657547
6.899619,8,6.146848
10.250624,15,7.033404
4.177783,5,7.266902
3.194444,4,7.523555
12.428117,14,8.381835
7.250031,8,8.824136
9.887281,13,9.573853
3.144444,4,9.795076
6.014861,7,10.153365
4.877275,6,10.456475
4.208194,5,10.766894
4.906057,6,11.589953
10.503323,14,12.414824
6.033339,7,12.82414
4.116667,5,13.108572
4.848327,6,13.441851
3.081454,4,13.686732
7.028763,9,14.169624
11.302541,16,15.113193
6.73577,8,15.533711
10.167653,12,16.140602
10.306541,12,16.768054
5.81232,7,17.137431
4.822724,6,17.454103
3.086278,4,17.664754
10.362097,12,18.295413
5.066765,6,18.630603
4.422222,5,18.921262
6.194616,7,19.293233
6.300074,7,19.686474
7.23939,8,20.121733
7.267168,8,20.541699
6.970975,8,21.005284
7.930408,9,21.490736
6.278315,7,21.883331
7.267168,8,22.305415
6.194616,7,22.692024
4.382123,5,22.964518
5.303054,6,23.300286
5.278315,6,23.636017
3.331454,4,23.867891
7.267168,8,24.294928
7.267168,8,24.72354
7.267168,8,25.160304
4.290258,5,25.427815
6.194616,7,25.772059
7.267168,8,26.213922
5.303054,6,26.511759
6.083333,7,26.874656
6.322296,7,27.281332
6.180906,7,27.676592
5.256764,6,27.964389
6.247054,7,28.390565
6.225045,7,28.777635
4.422222,5,29.053301
7.267168,8,29.529833
3.347193,4,29.817273
5.256764,6,30.226262
4.422222,5,30.525481
5.237991,6,30.866457
7.267168,8,31.318542
4.364056,5,31.606926
6.968393,8,32.067077
12.790742,17,33.008984
5.191342,6,33.339843
6.257396,7,33.885814
3.364056,4,34.173465
7.267168,8,34.598112
3.444444,4,34.897454
7.267168,8,35.392035
6.267168,7,35.848345
4.237991,5,36.136755
4.247054,5,36.427402
5.290258,6,36.780368
5.256764,6,37.098057
6.225045,7,37.497057
7.23939,8,37.946381
7.267168,8,38.392003
7.267168,8,38.839319
7.267168,8,39.288351
4.247054,5,39.591902
7.267168,8,40.05322
3.364056,4,40.291754
6.300074,7,40.726426
6.300074,7,41.136064
5.290258,6,41.478225
5.316765,6,41.833635
6.241908,7,42.238844
6.983521,8,42.73348
5.237991,6,43.075655
3.401481,4,43.282545
6.322296,7,43.726439
4.331454,5,44.005213
6.300074,7,44.402925
7.267168,8,44.861061
6.279333,7,45.26372
6.278315,7,45.674366
7.23939,8,46.169617
7.267168,8,46.645094
7.267168,8,47.12874
7.267168,8,47.611105
5.247054,6,47.977427
6.259975,7,48.394164
7.23939,8,48.862502
6.989748,8,49.348474
3.347193,4,49.56552
6.209306,7,50.018167
6.300074,7,50.57331
6.300074,7,51.153482
4.364056,5,51.450898
6.209306,7,51.87343
11.091153,12,52.64929
5.76386,7,53.057419
5.838889,7,53.455359
4.816765,6,53.820259
3.965457,5,54.110825
3.840098,5,54.389062
4.778315,6,54.749049
5.780723,7,55.172898
5.792639,7,55.552885
11.202264,12,56.303555
7.267168,8,56.763642
4.941943,6,57.121939
6.241908,7,57.512234
6.247054,7,57.925728
4.247054,5,58.230238
6.278315,7,58.638772
3.444444,4,58.88757
7.716009,9,59.459786
6.241405,7,59.851631
5.278315,6,60.205273
7.257396,8,60.656589
5.290258,6,61.002397
3.382123,4,61.242006
4.331454,5,61.546259
4.347193,5,61.839221
14.522901,16,62.904846
5.724811,7,63.320807
12.689172,17,64.20078
12.689172,17,65.121958
7.257396,8,65.552084
11.916933,15,66.415282
5.07839,6,66.732513
7.112268,9,67.218975
14.522901,16,68.11763
7.257396,8,68.557473
4.124867,5,68.823659
11.91901,15,69.647811
10.346956,12,70.303636
7.10483,8,70.764273
13.078447,14,71.544673
4.242299,5,71.805372
7.206925,8,72.241592
4.235642,5,72.52515
7.45582,9,73.04463
5.265912,6,73.363581
7.473444,9,73.872571
5.024867,6,74.188032
7.132553,9,74.64832
12.439172,17,75.527173
7.257396,8,75.96267
5.707605,7,76.337322
11.694444,12,76.973026
10.280196,12,77.617579
5.290258,6,77.959024
7.219721,8,78.393198
5.247054,6,78.714441
3.364056,4,78.93706
4.401481,5,79.197759
5.248121,6,79.513572
11.202264,12,80.178924
11.694444,12,80.816301
4.364056,5,81.088985
11.916933,15,81.948304
10.336463,12,82.584377
8.059265,9,83.066412
13.800679,15,83.88846
4.984285,6,84.211527
7.257396,8,84.63695
10.31753,12,85.261759
15.189568,17,86.17839
7.257396,8,86.604509
7.829753,9,87.099675
7.257396,8,87.486178
4.444444,5,87.757117
4.401481,5,88.044136
3.319415,4,88.253836
10.750986,12,88.929047
6.114056,7,89.299171
6.821325,8,89.727551
11.146709,12,90.391377
11.694444,12,91.02921
6.180906,7,91.413157
7.010792,8,91.863306
6.241405,7,92.249794
8.771235,11,92.865515
15.189568,17,93.860299
15.189568,17,94.852165
6.131866,7,95.231019
7.257396,8,95.650493
7.464327,9,96.157686
4.242299,5,96.420378
6.75448,8,96.862208
7.206925,8,97.298888
4.295848,5,97.576943
6.745473,8,98.025773
4.1881,5,98.302566
8.698008,11,98.94231
10.346956,12,99.595865
12.689172,17,100.465664
12.633051,15,101.298353
7.206925,8,101.744376
12.383051,15,102.535026
13.328457,15,103.324043
5.013645,6,103.657793
14.217346,16,104.544457
7.849302,9,105.033848
7.248121,8,105.477672
8.027785,10,106.022135
14.522901,16,106.907091
7.144066,8,107.332276
7.975932,9,107.834872
11.528044,15,108.636777
10.210272,12,109.283716
10.754315,14,110.052873
5.969721,7,110.436669
5.98939,7,110.814623
11.694444,12,111.455043
7.144066,8,111.874922
5.123592,6,112.19976
10.210272,12,112.836206
7.233431,8,113.266512
7.206925,8,113.718674
5.123592,6,114.033618
6.088889,7,114.40829
4.234815,5,114.664808
9.16074,11,115.277704
8.543607,10,115.828413
10.947768,14,116.619793
14.41179,16,117.531502
14.66179,17,118.478221
11.552541,16,119.422082
4.884508,6,119.772222
11.638592,16,120.791112
4.146217,5,121.120784
7.206925,8,121.5676
4.189176,5,121.843733
12.689172,17,122.797563
7.206925,8,123.270877
7.975932,9,123.781947
15.189568,17,125.051403
12.689172,17,125.997232
7.975932,9,126.515288
3.319963,4,126.776264
7.206925,8,127.306671
7.206925,8,127.781129
7.975932,9,128.283548
12.189172,17,129.259284
4.180526,5,129.574528
6.29879,7,129.995819
6.097193,7,130.470416
6.132123,7,130.905626
4.26386,5,131.22184
4.233431,5,131.524723
6.280723,7,131.945939
4.318148,5,132.283044
7.206925,8,132.823981
6.033229,7,133.327711
15.189568,17,134.320451
5.242299,6,134.670224
7.975932,9,135.226394
12.689172,17,136.323495
13.203337,16,137.222553
14.624733,17,138.105822
12.689172,17,139.025849
12.439172,17,139.951787
15.189568,17,141.092201
15.189568,17,142.338676
7.206925,8,142.811699
5.219276,6,143.161409
7.206925,8,143.658561
4.444444,5,143.962288
7.077052,8,144.444582
4.422222,5,144.723946
12.530721,15,145.663898
7.975932,9,146.17645
6.708559,8,146.69104
11.66637,16,147.599382
4.194626,5,147.882057
6.75448,8,148.320338
13.384012,15,149.292141
7.975932,9,149.838642
12.689172,17,150.820754
15.16179,17,151.841529
5.071325,6,152.222173
4.280723,5,152.526055
12.689172,17,153.498641
7.975932,9,154.101969
7.975932,9,154.643207
12.744727,17,155.920962
7.925796,9,156.522613
10.865428,14,157.450141
7.975932,9,157.98105
6.045361,7,158.384928
7.777794,9,158.901042
7.975932,9,159.508823
7.975932,9,160.084368
15.189568,17,161.119992
15.189568,17,162.301497
12.689172,17,163.303407
12.744727,17,164.485942
4.217793,5,164.894901
7.206925,8,165.477763
11.614044,13,166.301928
10.354448,12,167.065754
8.536671,10,167.634986
11.916933,15,168.700583
7.206925,8,169.220568
7.975932,9,169.755974
7.206925,8,170.303448
14.41179,16,171.331423
11.916933,15,172.266818
11.916933,15,173.173646
13.718599,16,174.101322
7.021496,8,174.610639
11.392212,14,175.595578
12.689172,17,176.465684
12.689172,17,177.302344
7.975932,9,177.803773
7.752456,9,178.281169
12.744162,15,179.139727
12.689172,17,180.021876
14.41179,16,180.925935
15.189568,17,181.869334
12.744727,17,182.706967
7.975932,9,183.198486
13.856234,15,184.009674
11.916933,15,184.857005
7.975932,9,185.334887
10.336463,12,185.966635
12.689172,17,186.856862
11.91901,15,187.712336
10.308999,12,188.346536
11.91901,15,189.144
8.059265,9,189.639529
12.633051,15,190.448506
12.689172,17,191.36577
11.916933,15,192.235198
13.745123,15,193.042291
14.522901,16,193.936723
13.134012,14,194.683694
12.689172,17,195.535421
15.189568,17,196.485411
12.689172,17,197.354531
11.91901,15,198.192161
8.059265,9,198.700552
12.633051,15,199.494892
4.984285,6,199.82663
11.916933,15,200.638942
7.803414,10,201.236231
11.916933,15,202.132669
15.189568,17,203.107082
14.578457,16,203.996929
12.689172,17,204.90233
7.975932,9,205.438568
14.217346,16,206.420915
13.078457,14,207.183634
12.689172,17,208.054702
15.189568,17,209.082446
12.744727,17,209.940288
15.189568,17,210.944896
15.189568,17,211.865721
12.633051,15,212.680581
11.889155,15,213.537075
11.916933,15,214.414228
5.036894,6,214.734587
12.744162,15,215.551869
8.059265,9,216.272894
8.716481,10,216.921606
15.189568,17,217.837919
13.078457,14,218.615318
8.059265,9,219.122294
7.975932,9,219.615035
7.975932,9,220.127842
8.059265,9,220.628166
12.689172,17,221.474442
12.753444,15,222.245468
12.689172,17,223.106769
13.641308,16,223.953327
11.916933,15,224.839189
13.439568,15,225.641475
13.328457,15,226.502639
13.724641,16,227.394569
15.189568,17,228.410313
11.916933,15,229.287042
15.189568,17,230.236135
11.611377,15,231.222001
12.633051,15,232.081257
13.745123,15,232.900445
7.882237,9,233.434045
13.91179,15,234.261496
13.856234,15,235.064572
15.189568,17,236.05459
15.189568,17,236.925553
13.078457,14,237.68249
10.346956,12,238.302219
8.059265,9,238.795323
11.635875,16,239.678181
7.975932,9,240.1748
11.916933,15,241.014041
11.916933,15,241.892296
13.884012,15,242.720312
10.293606,12,243.3665
13.078457,14,244.11194
12.744162,15,244.938903
10.31753,12,245.623953
14.41179,16,246.622455
14.578457,16,247.540313
15.189568,17,248.503767
12.19143,16,249.333889
15.189568,17,250.286728
15.189568,17,251.304692
15.189568,17,252.257998
12.689172,17,253.11146
15.189568,17,254.087474
10.32667,12,254.912499
11.916933,15,255.924587
8.382226,10,256.44383
15.189568,17,257.404701
12.689172,17,258.262116
15.189568,17,259.261961
12.689172,17,260.16583
12.689172,17,261.054543
12.305258,16,261.927483
12.744162,15,262.745784
11.916933,15,263.573346
11.392212,14,264.349422
13.800679,15,265.175123
15.189568,17,266.100718
12.633051,15,266.901053
12.633051,15,267.719267
12.633051,15,268.526137
15.189568,17,269.517077
15.189568,17,270.448447
8.059265,9,270.931939
14.41179,16,271.859257
10.32667,12,272.511824
15.189568,17,273.453293
10.32667,12,274.094265
14.522901,16,275.002705
8.059265,9,275.485742
7.913754,9,275.983704
13.078457,14,276.726475
12.744162,15,277.574752
15.189568,17,278.542775
15.189568,17,279.504215
13.800679,15,280.302322
14.522901,16,281.196648
12.744162,15,282.048679
12.744162,15,282.867129
12.633051,15,283.772188
12.305258,16,284.625095
12.633051,15,285.474107
15.189568,17,286.495771
12.744726,17,287.378345
12.633051,15,288.202705
11.798892,14,288.953489
12.689172,17,289.875063
10.336463,12,290.534983
6.367354,8,291.039147
11.91901,15,292.027014
13.078457,14,292.774789
10.336463,12,293.420552
11.916933,15,294.272165
7.065794,9,294.797586
12.633051,15,295.625864
11.916933,15,296.592564
13.078457,14,297.360539
4.99709,6,297.680262
5.013645,6,298.025782
11.916933,15,298.879719
13.078457,14,299.695412
11.916933,15,300.577895
13.690821,16,301.458874
13.078457,14,302.213248
12.633051,15,303.053143
7.844841,9,303.529028
4.124867,5,303.798345
11.91901,15,304.670734
14.578457,16,305.567244
12.689172,17,306.474379
13.328457,15,307.280294
8.669797,10,307.808362
12.383051,15,308.610846
13.690821,16,309.433021
10.336463,12,310.050871
12.689172,17,310.98936
15.189568,17,312.039424
12.305258,16,312.903063
12.633051,15,313.735476
8.745123,10,314.292745
13.078457,14,315.134218
4.993402,6,315.478487
15.189568,17,316.490788
12.689172,17,317.338022
12.550283,17,318.174077
6.954683,9,318.680916
10.358198,12,319.359869
12.633051,15,320.137595
13.078457,14,320.872602
13.13239,14,321.643335
14.217346,16,322.58266
12.995123,14,323.321944
14.328457,16,324.204767
15.189568,17,325.20955
12.360814,16,326.148004
12.967346,14,326.812239
13.800679,15,327.708533
11.721925,16,328.602825
15.189568,17,329.477916
12.689172,17,330.466576
15.189568,17,331.378745
13.828457,15,332.269617
12.305258,16,333.090026
5.003173,6,333.339224
12.305258,16,334.176859
15.16179,17,335.140714
12.577496,15,335.9767
13.800679,15,336.741068
12.360814,16,337.582867
12.305258,16,338.452414
12.305258,16,339.333767
14.384003,16,340.171502
15.245122,17,341.254239
10.346956,12,341.910686
15.245123,17,342.903222
15.189568,17,343.80157
11.663653,16,344.677849
15.189568,17,345.613651
14.356234,16,346.594264
12.689172,17,347.472025
15.078457,17,348.383564
14.495123,17,349.354834
14.884012,17,350.361304
15.16179,17,351.35338
13.696863,16,352.19379
12.16637,16,353.034262
12.305258,16,353.906909
12.633616,17,354.800657
12.305258,16,355.630092
13.022901,14,356.394131
14.578457,16,357.304734
14.384012,16,358.217147
12.305258,16,359.042668
13.022901,14,359.781096
13.717346,15,360.631274
13.745123,15,361.45214
10.263622,12,362.102875
12.305258,16,362.970275
12.305258,16,363.838286
14.328457,16,364.752486
13.884012,16,365.631007
13.641308,16,366.514076
12.055258,16,367.362532
13.447388,16,368.217984
13.884012,16,369.110129
12.305258,16,369.913918
7.57667,9,370.410492
13.995123,16,371.28186
14.856234,17,372.178696
12.360537,16,373.022019
12.305258,16,373.884605
10.346956,12,374.556773
12.689172,17,375.478786
12.19143,16,376.31725
14.522901,16,377.224892
4.967841,6,377.541325
10.217704,12,378.196155
10.336463,12,378.832764
12.305258,16,379.668823
14.522901,16,380.54181
12.577496,15,381.364966
14.328457,16,382.194877
10.32667,12,382.792466
12.633616,17,383.684711
12.305258,16,384.517167
12.305258,16,385.40576
12.305258,16,386.295027
12.305258,16,387.162722
14.522901,16,388.065172
12.466385,15,388.943551
14.078457,16,389.813273
12.305258,16,390.746154
14.16179,16,391.833392
12.305258,16,392.684738
13.641308,16,393.571029
14.495123,16,394.455722
14.272901,16,395.397244
12.305258,16,396.347645
12.305258,16,397.259951
13.884012,16,398.160737
13.717337,15,399.004004
12.19143,16,399.818433
12.305258,16,400.700174
14.522901,16,401.610527
14.522901,16,402.509731
15.189568,17,403.507361
5.727041,7,403.873081
12.305258,16,404.768914
12.689172,17,405.712217
12.277481,16,406.576499
13.884012,16,407.441149
6.56753,8,407.873904
15.106234,17,408.907525
12.689172,17,409.810941
14.828457,17,410.845509
15.189568,17,411.830187
12.718331,16,412.715709
12.522505,17,413.632213
14.967346,17,414.651644
9.364241,11,415.258075
15.189568,17,416.195629
14.856234,17,417.122522
12.689172,17,418.04115
15.189568,17,419.052296
12.689172,17,419.916402
11.663653,16,420.836073
15.189568,17,421.777678
4.160729,5,422.060449
12.19143,16,422.87667
14.522901,16,423.756933
11.663653,16,424.628821
12.19143,16,425.462756
15.106234,17,426.435561
12.808685,15,427.279547
14.318963,16,428.159155
14.41179,16,429.061517
12.300283,17,429.987788
14.328457,16,430.898345
12.305258,16,431.782463
14.328457,16,432.715415
15.106234,17,433.687593
12.19143,16,434.494788
10.801037,13,435.17654
15.106234,17,436.067204
14.245123,16,436.977373
12.305258,16,437.838777
13.884012,16,438.71297
13.884012,16,439.605191
15.189568,17,440.549853
15.16179,17,441.475008
14.384012,17,442.380712
15.106234,17,443.387891
14.522901,16,444.305022
12.689172,17,445.227318
12.689172,17,446.109468
15.189568,17,447.05259
13.995123,16,447.965942
14.41179,16,448.840168
12.689172,17,449.684747
14.078457,16,450.583055
12.689172,17,451.451694
15.189568,17,452.389233
14.384012,16,453.290656
9.925798,12,453.943918
12.689172,17,454.810438
15.134012,17,455.753084
12.633616,17,456.640154
12.633616,17,457.55555
11.246986,16,458.485908
13.828457,16,459.384473
14.745123,17,460.296621
12.19143,16,461.127714
14.522901,16,462.033435
13.884012,16,462.918752
12.305258,16,463.78827
14.328457,16,464.691038
13.689568,16,465.602151
15.050679,17,466.586482
12.35132,16,467.446883
10.662926,14,468.233226
13.818619,15,469.068927
12.001328,14,469.818419
12.890219,15,470.610992
14.568898,16,471.470632
12.835229,17,472.357317
14.502283,16,473.255916
8.469324,10,473.830512
12.717334,14,474.559329
14.828457,17,475.451081
12.305258,16,476.216737
15.189568,17,477.144363
12.305258,16,477.995103
14.522901,16,478.865999
12.305258,16,479.751577
14.328457,16,480.639913
15.189568,17,481.557464
12.596345,17,482.405861
12.864241,15,483.272647
12.439172,17,484.131518
12.055258,16,484.99609
9.595308,12,485.675933
12.108097,16,486.522901
12.305258,16,487.386658
15.189568,17,488.324734
12.19143,16,489.136439
14.522901,16,490.028633
12.19143,16,490.859239
12.305258,16,491.716741
14.522901,16,492.604281
14.078457,16,493.496504
15.106234,17,494.466547
11.774764,16,495.388314
14.050679,16,496.268167
5.432523,7,496.647641
14.328457,16,497.495291
15.050679,17,498.467984
12.689172,17,499.333382
14.41179,16,500.239753
14.634012,17,501.159153
15.189568,17,502.112383
12.522505,17,503.05319
13.818963,16,503.917554
14.522901,16,504.829418
12.633616,17,505.725462
12.689172,17,506.638905
14.522901,16,507.612801
11.663653,16,508.498154
12.522505,17,509.458342
14.522901,16,510.374619
15.106234,17,511.359362
12.305258,16,512.246845
15.189568,17,513.213531
12.522505,17,514.115244
12.305258,16,515.048183
15.189568,17,515.972303
12.689172,17,516.837893
14.272901,16,517.659441
12.689172,17,518.418115
11.116104,16,519.327681
12.689172,17,520.132055
12.19143,16,520.950658
14.272901,16,521.840355
12.689172,17,522.722342
12.689172,17,523.559132
12.661386,17,524.461536
12.633616,17,525.321977
14.800679,17,526.268983
12.605839,17,527.154374
11.663653,16,528.048521
12.305258,16,528.899387
12.19143,16,529.722969
12.305258,16,530.549865
14.16179,16,531.404204
12.835229,17,532.270977
12.221925,16,533.069463
12.689172,17,533.890841
12.277481,16,534.750268
15.189568,17,535.715652
14.522901,16,536.567971
15.189568,17,537.457251
13.66179,15,538.223922
14.772901,17,539.116196
12.237492,16,539.907295
15.106234,17,540.868129
15.106234,17,541.72346
15.23563,17,542.630489
14.568952,16,543.477051
12.062989,15,544.284037
13.791185,15,545.046028
15.335624,17,545.94324
15.106234,17,546.784037
12.835229,17,547.612364
7.749735,9,548.05212
12.305258,16,548.863584
12.19143,16,549.613044
15.106234,17,550.495173
14.300679,16,551.349378
13.91179,16,552.21571
13.995123,16,553.047299
12.305258,16,553.924448
13.530721,16,554.761177
12.522505,17,555.635318
15.106234,17,556.56511
12.835229,17,557.360845
15.106234,17,558.356803
12.761389,17,559.249849
15.189568,17,560.184237
11.66203,16,561.02508
15.050671,17,562.012143
12.305258,16,562.838958
15.078457,17,563.799378
10.662926,14,564.59621
12.717334,14,565.340149
14.495123,17,566.264639
10.599095,12,566.926733
15.050679,17,567.918052
12.245364,16,568.726953
13.828457,16,569.635783
13.939568,16,570.531082
13.551665,17,571.433469
13.828457,16,572.30609
13.661788,15,573.104427
14.022901,16,573.987287
12.19143,16,574.800486
12.305258,16,575.722632
12.689172,17,576.618512
15.106234,17,577.701038
12.689172,17,578.906234
12.522505,17,579.817607
12.522505,17,580.69119
14.050679,16,581.573158
12.633616,17,582.441679
14.522901,16,583.315181
14.828457,17,584.13686
12.689172,17,584.993886
13.772901,16,585.863499
15.050679,17,586.762573
15.189568,17,587.65045
14.356234,16,588.548389
12.305258,16,589.398057
14.328457,16,590.272788
15.050679,17,591.197538
14.41179,16,592.080231
14.66179,17,592.98921
11.552541,16,593.910007
14.495123,17,594.822593
12.328061,17,595.652176
14.522901,16,596.521374
12.522505,17,597.428609
15.106234,17,598.38301
12.605839,17,599.252562
12.466385,15,600.051929
13.856234,16,600.93817
12.305258,16,601.799826
15.022901,17,602.661029
12.19143,16,603.467861
12.550283,17,604.271733
15.189568,17,605.15765
14.300679,16,605.995184
12.689172,17,606.84592
12.305258,16,607.679215
11.809709,16,608.558582
12.835229,17,609.417988
11.863365,16,610.286921
15.050679,17,611.235354
12.439172,17,612.138535
12.108097,16,612.969971
15.050679,17,613.936541
12.027481,16,614.773518
14.995123,17,615.72889
14.022901,16,616.555146
14.467344,16,617.434742
12.305258,16,618.265462
12.189172,17,619.218142
15.050679,17,620.169707
13.856234,16,621.048285
13.551665,17,621.961855
15.050679,17,622.867759
14.41179,16,623.753558
12.522505,17,624.639038
15.078457,17,625.612325
14.272901,16,626.476379
14.522901,16,627.359021
14.050679,16,628.199886
12.605839,17,629.032835
15.189568,17,629.944822
15.050679,17,630.846966
12.550283,17,631.734833
12.108097,16,632.543516
15.050679,17,633.43013
12.550283,17,634.344859
13.967346,16,635.235692
15.189568,17,636.151104
14.384012,16,636.990397
14.828457,17,637.913254
12.305258,16,638.766369
12.604448,15,639.553483
14.522901,16,640.439602
15.022901,17,641.373313
11.524764,16,642.200073
13.828457,16,643.044709
15.106234,17,643.955576
12.055258,16,644.814462
15.189568,17,645.746835
14.995123,17,646.594956
13.691531,17,647.444978
15.050679,17,648.383563
15.289563,17,649.229919
13.661779,15,650.043811
13.66179,15,650.824833
15.050679,17,651.665527
12.19143,16,652.477291
13.495114,15,653.280547
12.789167,17,654.189892
13.792171,17,655.084464
14.565433,16,655.964333
12.890784,17,656.831997
15.050679,17,657.802263
14.328457,16,658.688164
13.66179,15,659.475399
12.428641,15,660.322074
11.733172,15,661.138794
14.41179,16,662.096757
12.305258,16,662.968898
12.550283,17,663.798253
14.356234,17,664.723154
13.328457,16,665.685271
15.189568,17,666.779636
14.300679,16,667.946903
12.305258,16,668.908985
14.300679,16,670.081841
14.272901,16,671.094348
14.050679,16,672.075996
14.374518,16,672.969826
15.106234,17,673.998365
15.050679,17,674.96874
12.596345,17,675.866836
12.743105,17,676.75925
12.522505,17,677.726062
14.050679,16,678.722543
13.662776,17,679.688387
12.633616,17,680.603029
12.743105,17,681.502192
14.38239,16,682.350983
12.743105,17,683.163639
15.106234,17,684.059699
13.328456,15,684.854058
15.050679,17,685.831848
10.995199,16,686.769883
14.16179,16,687.609584
12.305258,16,688.41582
15.189568,17,689.25037
12.305258,16,690.117334
14.078457,16,690.973144
15.106234,17,691.942083
15.050679,17,692.78096
12.689172,17,693.608833
12.305258,16,694.434956
15.189568,17,695.367804
12.305258,16,696.16536
14.522901,17,697.0694
14.134012,16,697.928743
12.108097,16,698.70457
14.41179,16,699.612438
12.305258,16,700.438246
14.495123,17,701.334994
14.995123,17,702.299029
14.300679,16,703.194602
13.66179,16,704.065596
15.106234,17,705.005094
14.41179,17,705.936256
13.496109,17,706.838985
14.272901,16,707.727475
14.578457,17,708.654835
12.108097,16,709.49615
12.650863,15,710.293021
12.550283,17,711.138856
12.305258,16,712.002232
12.277481,16,712.820635
12.550283,17,713.660139
15.189568,17,714.550695
12.161394,17,715.503009
12.550283,17,716.317925
15.050679,17,717.243103
14.439503,16,718.080724
14.634012,17,718.92807
12.305258,16,719.721697
14.495123,16,720.59777
14.522901,16,721.481912
14.0414,17,722.412557
12.19143,16,723.206672
15.189568,17,724.073871
11.635875,16,724.972734
14.328457,16,725.837586
14.495123,17,726.763181
15.189568,17,727.688586
15.189568,17,728.616757
14.022901,16,729.457778
14.384012,16,730.35372
12.360814,16,731.203868
12.305258,16,732.014446
15.050679,17,732.982482
14.995123,17,733.906425
13.975165,17,734.715931
12.550283,17,735.553783
15.050679,17,736.503228
12.995123,15,737.319449
14.328457,16,738.156195
12.305258,16,738.989795
15.106234,17,739.926428
12.305258,16,740.769934
14.772901,17,741.708284
15.050679,17,742.694524
12.305258,16,743.562936
12.550283,17,744.426444
14.995123,17,745.388026
15.078457,17,746.307548
14.384012,16,747.13563
14.772901,17,748.045983
12.305258,16,748.865432
9.902511,12,749.505983
12.305258,16,750.362052
15.106234,17,751.288553
15.106234,17,752.255611
14.522901,16,753.126221
14.995123,17,754.026419
12.022505,17,754.954592
9.131864,11,755.482673
12.19143,16,756.28012
14.022901,16,757.167264
11.842845,15,757.983467
13.661788,15,758.759811
12.439172,17,759.590389
14.565433,16,760.456644
12.566945,17,761.304796
12.835229,17,762.255459
15.022901,17,763.222684
15.050679,17,764.190259
15.050679,17,765.17369
15.23563,17,766.113998
12.550283,17,766.979885
14.374518,16,767.887121
11.698598,16,768.755811
15.050679,17,769.727679
14.23373,16,770.528672
15.23563,17,771.426859
14.565433,16,772.312049
12.743105,17,773.192626
12.108097,16,773.988834
14.411505,16,774.855066
14.411505,16,775.728597
14.446736,16,776.571754
13.661788,15,777.362607
12.305258,16,778.224679
10.147781,12,778.842993
4.135993,5,779.118485
14.328457,16,780.006123
14.550679,16,780.877365
14.41179,16,781.756849
14.217346,16,782.605216
12.305258,16,783.434973
14.995123,17,784.358129
14.356234,16,785.248538
14.050679,16,786.105531
12.249703,16,786.921365
12.19143,16,787.687635
15.134012,17,788.632193
12.633616,17,789.441311
12.221925,16,790.294723
12.605839,17,791.208798
10.247087,12,791.844256
14.467346,16,792.744201
13.634998,17,793.652563
12.605839,17,794.512477
12.633616,17,795.366049
12.605839,17,796.266814
11.842845,15,797.046095
12.605839,17,797.938053
15.14118,17,798.813877
13.66179,15,799.548686
15.050679,17,800.439746
15.050679,17,801.362433
12.640784,17,802.182188
13.975165,17,803.044741
15.245122,17,803.946523
12.305258,16,804.788653
12.661394,17,805.629899
14.328457,16,806.486528
15.050679,17,807.436175
12.550283,17,808.290839
14.457852,16,809.152465
15.050679,17,810.162768
14.272901,16,810.965883
12.605839,17,811.817326
15.050679,17,812.671532
14.495123,16,813.541841
14.384012,16,814.43462
14.511175,16,815.278113
14.578179,16,816.127609
12.305258,16,816.907039
15.335624,17,817.800304
12.19143,16,818.624913
12.705833,17,819.493571
12.305258,16,820.347299
11.663653,16,821.211056
12.305258,16,822.002312
15.335624,17,822.947088
12.596345,17,823.802834
14.384012,17,824.721258
14.995123,17,825.721823
14.439557,16,826.520511
12.862729,17,827.423547
14.884012,17,828.392277
15.050679,17,829.334541
12.108097,16,830.154721
12.305258,16,830.998573
12.596345,17,831.87954
12.596345,17,832.66121
14.995123,17,833.623386
11.698598,16,834.503229
14.328457,16,835.389872
7.595702,9,835.881573
12.19143,16,836.702868
12.828398,14,837.453494
13.884012,16,838.305687
15.050679,17,839.241057
14.467346,16,840.082606
11.69143,16,840.938468
12.734197,15,841.736242
15.16179,17,842.642956
12.494727,17,843.508359
12.56753,15,844.336278
12.305258,16,845.207985
15.23563,17,846.068129
14.995123,17,846.943154
15.16179,17,847.875238
13.634998,17,848.794194
12.550283,17,849.605719
15.16179,17,850.510937
13.828457,16,851.401329
15.16179,17,852.329657
10.2914,12,852.94448
12.605839,17,853.824405
15.16179,17,854.736242
12.305258,16,855.556982
12.550283,17,856.395532
12.108097,16,857.224598
13.66179,15,858.053272
12.485234,17,858.861743
12.550283,17,859.720913
12.550283,17,860.556435
12.050283,17,861.437334
14.495123,16,862.321594
11.842845,15,863.090944
12.633616,17,863.993155
12.226376,16,864.821234
14.38239,16,865.711256
14.439557,16,866.523295
14.439503,16,867.366385
15.106234,17,868.270291
13.736615,17,869.164446
14.465438,16,870.058326
13.606233,15,870.865005
13.66179,15,871.664913
14.680074,17,872.576216
12.550283,17,873.429398
14.189568,16,874.280276
12.305258,16,875.13825
12.550283,17,876.013052
15.078457,17,876.9656
12.779108,15,877.762584
12.305258,16,878.625485
13.772901,16,879.512028
10.331813,15,880.34329
14.522901,17,881.217868
12.494727,17,882.085414
12.678641,15,882.847489
12.550283,17,883.735116
12.108097,16,884.544868
14.104612,16,885.421261
12.604448,15,886.219839
12.596345,17,887.100235
15.022901,17,888.038149
15.23563,17,888.972604
14.502283,16,889.846786
14.430063,16,890.646172
12.359192,16,891.493896
12.108097,16,892.311924
12.596345,17,893.126414
10.319178,12,893.726605
15.189568,17,894.642998
12.605839,17,895.491316
10.2914,12,896.110469
11.718931,16,896.979475
12.705268,15,897.76409
12.19143,16,898.57713
14.467346,17,899.501273
15.106234,17,900.421887
15.16179,17,901.366812
12.596345,17,902.206507
12.305258,16,903.059911
15.106234,17,903.990115
14.217346,16,904.868549
14.41016,16,905.728924
13.661788,15,906.532298
14.328457,16,907.417473
15.106234,17,908.347393
12.305258,16,909.193848
13.662776,17,910.09781
14.995123,17,911.066634
12.305258,16,911.905971
12.108097,16,912.779344
12.540789,17,913.686672
12.494727,17,914.573249
13.635975,16,915.485929
12.540789,17,916.353033
12.305258,16,917.183396
12.540789,17,918.026617
14.522901,16,918.919783
12.305258,16,919.787546
12.578061,17,920.648172
11.580319,16,921.54314
15.189568,17,922.446864
13.634012,16,923.29311
12.577496,15,924.077753
14.41179,16,924.972522
15.050679,17,925.977025
15.050679,17,926.972271
15.189568,17,927.890574
14.374518,16,928.735917
15.189568,17,929.635742
12.550283,17,930.43239
11.635875,16,931.28684
14.745123,17,932.188769
15.050679,17,933.134227
12.305258,16,933.949265
12.494727,17,934.816981
12.706419,15,935.613438
15.189568,17,936.417663
12.550283,17,937.319502
15.189568,17,938.206468
15.16179,17,939.055005
12.305258,16,939.880318
15.189568,17,940.820896
12.494727,17,941.688171
8.58937,10,942.195625
13.301665,16,943.044366
14.439568,16,943.872772
13.634012,16,944.725728
15.050679,17,945.697132
15.050679,17,946.515741
14.189568,16,947.393131
14.828457,17,948.322792
15.189568,17,949.1627
15.189568,17,950.030477
11.013837,16,950.937594
12.19143,16,951.80339
12.633616,17,952.634553
12.163653,16,953.453007
12.633616,17,954.297351
12.678641,15,955.130566
15.050679,17,956.05645
12.19143,16,956.83425
14.356234,16,957.702031
12.305258,16,958.497109
14.745123,17,959.408351
15.189568,17,960.288376
12.678641,15,961.092521
14.134012,16,961.959867
14.356234,16,962.851805
15.189568,17,963.717629
14.328457,16,964.567731
15.16179,17,965.486475
12.633616,17,966.390203
12.550283,17,967.267842
15.050679,17,968.224552
14.245123,16,969.096364
12.550283,17,969.962741
12.550283,17,970.743469
14.189568,16,971.603463
12.566945,17,972.426854
12.578061,17,973.296309
12.761389,17,974.186561
15.23563,17,975.129704
14.41179,17,976.039636
14.41179,16,976.89081
15.16179,17,977.793596
12.550283,17,978.626805
14.522901,16,979.521393
14.41179,16,980.412622
12.522505,17,981.277211
15.23563,17,982.195085
14.467345,16,983.032477
14.995123,17,983.990063
13.66179,15,984.772851
14.328457,16,985.637012
12.550283,17,986.489985
12.687781,15,987.274251
14.595118,16,988.16828
11.69143,16,988.985208
13.689226,15,989.737748
15.050679,17,990.701617
15.106234,17,991.631837
14.411782,16,992.528192
12.605839,17,993.420197
12.578061,17,994.268007
12.550283,17,995.15798
12.550283,17,995.975152
12.596345,17,996.854444
15.050679,17,997.808632
15.189568,17,998.682996
14.215723,16,999.566543
12.835229,17,1000.465924
12.305258,16,1001.320205
14.467344,16,1002.191929
12.835229,17,1003.082302
14.717346,17,1004.013272
12.305258,16,1004.892658
12.439172,17,1005.759416
14.495123,16,1006.649655
11.654159,16,1007.546778
12.522505,17,1008.475399
12.19143,16,1009.305238
12.305258,16,1010.094937
14.995123,17,1011.067667
15.189568,17,1011.950096
12.550283,17,1012.841603
15.050679,17,1013.817084
12.633616,17,1014.692569
12.305258,16,1015.537991
15.189568,17,1016.46104
12.605839,17,1017.343548
15.134012,17,1018.304613
12.305258,16,1019.133995
14.41179,16,1019.97448
12.844722,17,1020.857239
12.550283,17,1021.801866
14.160168,16,1022.647417
9.870989,13,1023.348985
13.252943,16,1024.212377
12.108097,16,1025.036599
15.134012,17,1025.992674
12.19143,16,1026.925551
14.215723,16,1027.816404
12.305258,16,1028.662013
12.277481,16,1029.556675
14.578457,17,1030.528869
12.633616,17,1031.470482
14.346741,16,1032.367559
14.245123,16,1033.290415
14.800679,17,1034.238491
12.305258,16,1035.124152
15.189568,17,1036.18967
15.189568,17,1037.371429
12.605839,17,1038.372458
11.015828,13,1039.091535
12.305258,16,1039.960881
15.16179,17,1040.920335
14.745123,17,1041.773476
12.277481,16,1042.653344
14.356234,16,1043.561874
15.050679,17,1044.5338
15.344841,17,1045.464982
15.189568,17,1046.538686
12.19143,16,1047.491779
12.660003,15,1048.36284
14.745123,17,1049.686608
14.522901,16,1050.664253
14.106234,16,1051.568346
15.189568,17,1052.584307
12.605839,17,1053.491839
12.277481,16,1054.373668
15.189568,17,1055.332106
14.717346,17,1056.306085
15.16179,17,1057.254402
14.41179,16,1058.132952
14.41179,16,1059.173107
12.305258,16,1059.993683
14.41179,16,1060.767534
14.439568,16,1061.654796
15.189568,17,1062.539824
12.19143,16,1063.279455
12.550283,17,1064.095944
15.189568,17,1064.954046
14.245123,16,1065.798865
14.272901,16,1066.673138
14.578179,16,1067.539096
11.698598,16,1068.425381
12.305258,16,1069.278883
15.106234,17,1070.231418
14.995123,17,1071.178685
12.596345,17,1072.014042
14.967346,17,1072.922456
13.78756,15,1073.712074
14.050679,16,1074.548042
14.967346,17,1075.469647
12.640784,17,1076.353725
12.405253,16,1077.214022
14.217346,16,1078.085874
12.226376,16,1078.918914
12.835229,17,1079.838813
15.245122,17,1080.755705
14.967346,17,1081.677742
12.550283,17,1082.540661
12.305258,16,1083.404161
12.522505,17,1084.257201
12.605839,17,1085.146698
14.967346,17,1086.06029
14.106234,16,1086.906776
14.078457,16,1087.784807
12.277481,16,1088.554471
11.911394,17,1089.482524
14.384012,16,1090.331101
15.16179,17,1091.20835
12.605839,17,1092.066234
15.189568,17,1092.941877
14.995123,17,1093.87395
15.050679,17,1094.801776
15.189568,17,1095.714694
13.280721,16,1096.627091
4.873174,6,1096.952616
12.277481,16,1097.789698
11.69143,16,1098.666482
12.605839,17,1099.565161
15.050679,17,1100.513697
12.605839,17,1101.35152
12.19143,16,1102.142358
14.522901,16,1103.024565
15.23563,17,1103.948268
15.050679,17,1104.902534
14.374518,16,1105.789817
15.189568,17,1106.637683
15.106234,17,1107.572893
12.305258,16,1108.396256
12.494727,17,1109.24261
14.995123,17,1110.213539
12.108097,16,1111.017579
15.134012,17,1111.927694
14.522901,16,1112.815121
12.305258,16,1113.655451
15.189568,17,1114.595327
14.522901,16,1115.484347
14.439568,16,1116.383085
13.828457,16,1117.231379
12.550283,17,1118.112297
14.215723,16,1118.960249
14.189568,16,1119.809778
15.189568,17,1120.735494
12.305258,16,1121.583046
14.995123,17,1122.541729
14.995123,17,1123.402122
15.050679,17,1124.375429
12.605839,17,1125.275133
12.605839,17,1126.182635
15.16179,17,1127.130527
15.050679,17,1128.102942
15.189568,17,1129.03192
12.305258,16,1129.871697
14.411782,16,1130.768052
12.163653,16,1131.581532
13.308499,16,1132.425314
14.134012,16,1133.306289
14.356234,16,1134.137046
14.439568,16,1135.029629
12.605839,17,1135.926596
11.663653,16,1136.771995
12.305258,16,1137.505474
15.050679,17,1138.424982
12.494727,17,1139.319873
15.189568,17,1140.252906
15.189568,17,1141.105421
12.19143,16,1141.910805
14.189568,16,1142.749879
13.354448,16,1143.605501
11.643043,16,1144.481835
15.217344,17,1145.433954
14.189568,16,1146.252495
15.243501,17,1147.194016
15.189568,17,1148.118001
12.605839,17,1149.004048
12.305258,16,1149.828426
15.022901,17,1150.696403
12.743105,17,1151.5581
12.305258,16,1152.418803
12.705833,17,1153.279644
14.374518,16,1154.149262
12.605839,17,1154.997755
15.245122,17,1155.943092
12.605839,17,1156.796725
12.605839,17,1157.714199
9.28667,11,1158.268971
15.16179,17,1159.185312
14.578179,16,1160.043992
14.178174,16,1160.91011
14.439568,16,1161.793918
12.605839,17,1162.632029
12.305258,16,1163.475895
14.356234,16,1164.243486
14.234007,16,1165.123001
12.19143,16,1165.938927
14.995123,17,1166.884872
12.540789,17,1167.780098
14.73563,17,1168.702589
11.925798,14,1169.447259
12.439172,17,1170.315632
12.226376,16,1171.172892
12.540789,17,1172.062582
12.226376,16,1172.889728
14.967346,17,1173.82762
12.19143,16,1174.635955
14.374518,16,1175.505338
12.733611,17,1176.428767
15.189568,17,1177.348571
12.605839,17,1178.242246
14.207852,16,1179.104873
12.605839,17,1179.974882
14.995123,17,1180.871793
10.452717,15,1181.687477
12.632226,15,1182.5071
12.180037,16,1183.344109
15.134012,17,1184.268031
12.522505,17,1185.125042
12.078061,17,1186.056986
14.384011,16,1186.939944
12.540789,17,1187.792549
13.550679,16,1188.671897
15.041185,17,1189.581385
14.606234,17,1190.479592
14.272901,16,1191.374413
12.605839,17,1192.237335
14.818963,17,1193.113909
12.605839,17,1193.99636
3.114056,4,1194.211462
15.16179,17,1195.163054
12.35132,16,1196.020095
15.050679,17,1197.001522
14.557847,16,1197.872617
15.298779,17,1198.76906
14.918958,17,1199.660661
12.226376,16,1200.518412
14.967346,17,1201.362643
14.439568,16,1202.209342
13.661779,15,1203.017133
14.995123,17,1203.903939
12.522505,17,1204.795884
14.967346,17,1205.725475
12.540789,17,1206.571137
14.328457,16,1207.459671
15.189568,17,1208.374727
10.346956,12,1208.982228
14.717346,17,1209.903486
15.16179,17,1210.870036
14.995123,17,1211.823461
15.243501,17,1212.762902
14.967346,17,1213.689568
15.178174,17,1214.679121
12.550283,17,1215.480167
12.46695,17,1216.349591
12.743105,17,1217.200267
14.967346,17,1218.189034
15.189568,17,1219.066421
14.967346,17,1220.001482
14.967346,17,1220.946104
15.207852,17,1221.837553
14.384012,16,1222.734051
14.995123,17,1223.610358
12.605839,17,1224.494763
14.995123,17,1225.323317
14.995123,17,1226.289549
12.305258,16,1227.126272
12.605839,17,1228.02413
12.578061,17,1228.835305
15.189568,17,1229.705168
14.356234,16,1230.568169
12.633616,17,1231.388394
15.050679,17,1232.337584
12.605839,17,1233.241956
12.661394,17,1234.10465
14.995123,17,1234.964213
15.050679,17,1235.889076
12.633616,17,1236.745497
12.522505,17,1237.562157
12.661394,17,1238.36191
14.995123,17,1239.19418
15.189568,17,1240.040254
14.967346,17,1240.949061
12.578061,17,1241.832306
12.605839,17,1242.697784
12.494727,17,1243.600779
15.16179,17,1244.567333
14.856234,17,1245.493698
12.633616,17,1246.408397
12.23587,16,1247.346955
15.244846,17,1248.373185
15.243501,17,1249.267185
15.244846,17,1250.208979
15.16179,17,1251.110269
15.23563,17,1252.061038
12.689172,17,1252.942265
15.16179,17,1253.863443
15.16179,17,1254.813067
15.16179,17,1255.726405
14.939568,17,1256.619446
12.494727,17,1257.447782
15.16179,17,1258.373601
12.494727,17,1259.255428
12.550283,17,1260.134213
12.494727,17,1261.030792
14.384011,16,1261.880377
14.717346,17,1262.791224
12.494727,17,1263.699077
15.243501,17,1264.635283
14.66179,17,1265.550664
14.967346,17,1266.502986
12.540789,17,1267.353752
15.189568,17,1268.233357
12.835229,17,1269.108232
15.23563,17,1270.013392
15.23563,17,1270.965603
12.226376,16,1271.81484
12.707456,17,1272.639725
12.494727,17,1273.472077
15.189568,17,1274.349246
12.513011,17,1275.207922
12.550283,17,1276.061221
12.494727,17,1276.931201
13.661788,15,1277.734349
14.967346,17,1278.648604
14.272901,16,1279.540502
12.28193,16,1280.393202
14.995123,17,1281.275786
15.23563,17,1282.173695
12.540789,17,1283.049096
14.818963,17,1284.000264
12.707456,17,1284.871339
12.640784,17,1285.759968
12.198598,16,1286.578204
15.243501,17,1287.511806
14.494846,16,1288.401156
15.23563,17,1289.28163
15.022901,17,1290.227262
12.707456,17,1291.086903
12.540789,17,1291.959867
14.446736,16,1292.843088
12.46695,17,1293.70869
15.23563,17,1294.643069
12.522505,17,1295.566907
12.522505,17,1296.386557
12.522505,17,1297.278692
15.16179,17,1298.184734
14.967346,17,1299.165364
14.967346,17,1300.120887
12.633616,17,1300.971979
14.967346,17,1301.857228
14.995123,17,1302.738586
15.189568,17,1303.672183
15.16179,17,1304.61563
15.23563,17,1305.530935
14.967346,17,1306.513172
12.494727,17,1307.33899
12.605839,17,1308.225262
14.106234,16,1309.097425
14.328457,16,1309.979243
14.967346,17,1310.868346
12.605839,17,1311.738837
11.635875,16,1312.604803
12.439172,17,1313.486248
14.634012,17,1314.402662
14.634012,17,1315.319121
12.540789,17,1316.173237
14.300679,16,1317.064782
14.41179,17,1318.024697
14.967346,17,1318.981534
15.23563,17,1319.971395
12.226376,16,1320.830583
15.335624,17,1321.769694
15.244846,17,1322.721946
14.995123,17,1323.568956
14.967346,17,1324.512287
12.494727,17,1325.387926
12.494727,17,1326.260158
12.605839,17,1327.109884
12.522505,17,1328.005198
14.995123,17,1328.880587
13.864054,17,1329.77493
14.300679,16,1330.653365
14.050679,16,1331.482013
12.19143,16,1332.280576
14.66179,17,1333.198959
14.745123,17,1334.047689
15.299057,17,1335.001436
14.217346,16,1335.873203
12.494727,17,1336.750578
14.967346,17,1337.70683
12.578061,17,1338.538696
12.522505,17,1339.387156
12.439172,17,1340.258527
15.16179,17,1341.172242
12.494727,17,1342.018375
15.106234,17,1342.940696
12.494727,17,1343.830115
12.494727,17,1344.674734
15.243501,17,1345.599578
15.022901,17,1346.61074
12.705833,17,1347.468775
12.19143,16,1348.272159
14.967346,17,1349.241263
15.189568,17,1350.106074
12.633616,17,1350.971127
14.967346,17,1351.869652
15.23563,17,1352.825558
15.022901,17,1353.780329
15.189568,17,1354.706828
12.605839,17,1355.575485
12.550283,17,1356.455739
15.23563,17,1357.384612
15.16179,17,1358.312438
12.522505,17,1359.169768
12.633616,17,1360.04922
12.522505,17,1360.892137
14.495058,16,1361.716729
15.16179,17,1362.692316
12.605839,17,1363.578813
15.23563,17,1364.495308
14.717346,17,1365.409699
14.967346,17,1366.356645
12.080319,16,1367.182433
12.494727,17,1368.080662
11.913753,14,1368.811952
12.605839,17,1369.668632
15.189568,17,1370.549297
14.967346,17,1371.524335
15.106234,17,1372.399458
12.439172,17,1373.285481
15.23563,17,1374.227423
12.494727,17,1375.074026
14.995123,17,1375.959377
14.967346,17,1376.857187
14.745123,17,1377.816411
14.967346,17,1378.7874
14.967346,17,1379.721177
15.16179,17,1380.545185
12.540789,17,1381.457359
15.245122,17,1382.414428
15.23563,17,1383.319293
14.967346,17,1384.24231
14.967346,17,1385.179127
12.494727,17,1386.074544
14.967346,17,1386.939031
14.634012,17,1387.861731
12.494727,17,1388.750928
14.967346,17,1389.732059
15.23563,17,1390.623264
14.967346,17,1391.540551
12.522505,17,1392.401216
12.439172,17,1393.286665
14.967346,17,1394.208954
14.446736,16,1395.057682
12.605839,17,1395.954078
15.189568,17,1396.831353
14.967346,17,1397.739988
14.995123,17,1398.636084
13.274155,16,1399.51816
12.522505,17,1400.423234
12.522505,17,1401.312121
14.689568,17,1402.199561
13.549718,17,1403.090072
12.605839,17,1404.005903
12.605839,17,1404.895435
12.494727,17,1405.766497
15.245122,17,1406.680742
14.717346,17,1407.593557
12.522505,17,1408.4734
14.967346,17,1409.427831
12.522505,17,1410.265893
12.522505,17,1411.116057
12.633616,17,1411.973312
14.967346,17,1412.893611
14.745123,17,1413.807817
15.16179,17,1414.739846
15.022901,17,1415.660768
15.23563,17,1416.591944
14.967346,17,1417.508706
15.23563,17,1418.423677
15.23563,17,1419.300396
12.605839,17,1420.160337
12.494727,17,1421.035444
15.23563,17,1421.971099
12.540789,17,1422.839943
12.494727,17,1423.68837
12.522505,17,1424.569028
15.23563,17,1425.498658
14.967346,17,1426.384599
15.106234,17,1427.298742
14.967346,17,1428.147227
14.967346,17,1429.090825
15.23563,17,1430.034529
14.967346,17,1430.927466
14.967346,17,1431.879003
12.522505,17,1432.753629
14.745123,17,1433.699427
12.605839,17,1434.530926
12.522505,17,1435.4242
12.494727,17,1436.291055
12.439172,17,1437.159729
15.022901,17,1438.147198
12.494727,17,1438.989549
12.46695,17,1439.858243
12.46695,17,1440.737939
14.634012,17,1441.633374
12.633616,17,1442.532167
15.23563,17,1443.473101
12.494727,17,1444.360976
15.022901,17,1445.296919
12.689125,17,1446.197093
15.23563,17,1447.144508
12.494727,17,1447.958895
14.884012,17,1448.834524
15.23563,17,1449.695866
15.245122,17,1450.602364
12.835229,17,1451.483831
12.46695,17,1452.385518
12.494727,17,1453.210584
15.291184,17,1454.123601
12.735234,17,1454.99858
12.494727,17,1455.883398
13.549718,17,1456.791739
14.995123,17,1457.771804
12.540789,17,1458.60011
14.967346,17,1459.559126
14.791185,17,1460.476385
14.995123,17,1461.462108
15.23563,17,1462.394836
12.226376,16,1463.212442
12.226376,16,1464.052999
14.689568,17,1464.953103
12.605839,17,1465.823282
12.522505,17,1466.638209
12.226376,16,1467.507404
14.995123,17,1468.487464
15.16179,17,1469.3925
14.967346,17,1470.348514
15.189568,17,1471.250492
12.522505,17,1472.156747
14.967346,17,1473.114401
12.522505,17,1473.928387
15.050679,17,1474.902149
14.995123,17,1475.848434
15.022901,17,1476.839408
12.522505,17,1477.706071
12.705833,17,1478.584658
12.226376,16,1479.441066
15.23563,17,1480.377491
12.705833,17,1481.234136
12.226376,16,1482.075699
12.226376,16,1482.9401
14.967346,17,1483.821023
12.494727,17,1484.667304
12.494727,17,1485.544744
12.540789,17,1486.443935
15.245122,17,1487.328309
14.995123,17,1488.292975
14.995123,17,1489.179307
15.299055,17,1490.174636
14.967346,17,1491.10471
12.226376,16,1491.930145
12.540789,17,1492.795739
12.835229,17,1493.620945
12.835229,17,1494.48461
10.030196,12,1495.095822
12.540789,17,1495.973665
15.23563,17,1496.891187
12.679678,17,1497.796558
15.022901,17,1498.72412
15.022901,17,1499.690009
12.605839,17,1500.522237
15.050679,17,1501.503625
12.550283,17,1502.297026
12.605839,17,1503.133596
12.522505,17,1504.023262
15.23563,17,1504.957115
12.494727,17,1505.765424
14.967346,17,1506.727992
15.189568,17,1507.654306
15.23563,17,1508.568538
15.16179,17,1509.440714
12.522505,17,1510.279995
15.23563,17,1511.209915
12.281654,16,1512.043773
14.967346,17,1512.824115
15.106234,17,1513.736584
14.689568,17,1514.648604
12.494727,17,1515.49803
14.995123,17,1516.501092
14.356234,17,1517.339344
12.807451,17,1518.242457
12.494727,17,1519.129561
12.605839,17,1520.020137
12.494727,17,1520.920565
15.16179,17,1521.848187
15.189568,17,1522.793001
12.494727,17,1523.595217
15.189568,17,1524.546969
14.967346,17,1525.493581
12.689172,17,1526.307089
15.106234,17,1527.178244
15.23563,17,1528.122054
14.967346,17,1529.029111
15.16179,17,1529.99362
12.733334,17,1530.872878
12.633616,17,1531.71908
12.522505,17,1532.548143
12.494727,17,1533.439603
15.106234,17,1534.364708
12.494727,17,1535.188031
14.745123,17,1535.967695
12.355839,17,1536.843185
15.16179,17,1537.743887
12.522505,17,1538.593355
12.522505,17,1539.445139
15.16179,17,1540.383712
12.522505,17,1541.23636
12.522505,17,1542.062228
15.16179,17,1542.971773
15.189568,17,1543.906692
12.605839,17,1544.773132
15.189568,17,1545.662397
12.633616,17,1546.485159
12.605839,17,1547.297666
12.522505,17,1548.101007
15.23563,17,1549.044353
15.022901,17,1549.993776
12.605839,17,1550.863837
14.995123,17,1551.808077
15.16179,17,1552.720527
12.522505,17,1553.518709
14.772901,17,1554.430042
15.189568,17,1555.243819
12.522505,17,1555.68092
15.022901,17,1556.155535
12.522505,17,1556.547098
14.939568,17,1556.995663
12.522505,17,1557.367287
12.46695,17,1557.755443
12.689125,17,1558.160382
12.522505,17,1558.573849
12.235592,16,1558.958354
14.967346,17,1559.407373
14.967346,17,1559.949019
15.23563,17,1560.47033
12.689125,17,1560.954933
15.16179,17,1561.489074
12.605839,17,1561.928839
12.661394,17,1562.350115
15.16179,17,1562.81595
15.050679,17,1563.29616
15.134012,17,1563.767967
12.770835,17,1564.236855
15.23563,17,1564.804082
12.235592,16,1565.218715
12.253876,16,1565.629963
12.605839,17,1566.024493
12.689164,17,1566.417561
15.189568,17,1566.842811
12.605839,17,1567.255707
15.022901,17,1567.742965
15.050679,17,1568.243857
12.578061,17,1568.677956
12.605839,17,1569.084313
14.939568,17,1569.559226
12.522505,17,1570.00229
15.106234,17,1570.46128
15.189568,17,1570.939825
14.967346,17,1571.434894
14.967346,17,1571.937437
15.022901,17,1572.451348
14.384012,16,1572.905041
15.16179,17,1573.320224
12.633616,17,1573.707328
14.995123,17,1574.200976
15.189568,17,1574.705499
12.494727,17,1575.316828
14.967346,17,1575.848419
14.745123,17,1576.339506
12.522505,17,1576.802362
15.189568,17,1577.285787
15.16179,17,1577.763425
12.605839,17,1578.218708
14.745123,17,1578.700395
12.605839,17,1579.147775
12.235592,16,1579.600034
12.605839,17,1580.02882
12.605839,17,1580.435967
12.633616,17,1580.888407
15.106234,17,1581.359033
15.16179,17,1581.818811
15.022901,17,1582.324674
12.494727,17,1582.778302
14.91179,17,1583.222053
12.578053,17,1583.653363
12.633616,17,1584.097539
15.189568,17,1584.578081
14.717346,17,1585.051326
12.522505,17,1585.480513
15.189568,17,1585.921286
15.16179,17,1586.406697
14.772901,17,1586.893252
12.605839,17,1587.330668
15.189568,17,1587.798516
15.189568,17,1588.265095
10.804211,15,1588.675193
15.022901,17,1589.156772
14.745123,17,1589.573184
15.23563,17,1590.040178
14.995123,17,1590.500757
15.189568,17,1590.947937
12.235592,16,1591.384363
14.91179,17,1591.827139
15.16179,17,1592.294829
15.16179,17,1592.761771
14.967346,17,1593.25158
15.189568,17,1593.733367
12.494727,17,1594.160188
15.189568,17,1594.607091
12.522505,17,1595.037837
15.189568,17,1595.481305
15.189568,17,1595.961981
12.411394,17,1596.408167
15.189568,17,1596.885692
12.46695,17,1597.325687
12.46695,17,1597.770699
15.022901,17,1598.241663
15.189568,17,1598.667842
15.16179,17,1599.139809
15.189568,17,1599.609057
15.23563,17,1600.076799
15.189568,17,1600.458953
15.23563,17,1600.94529
12.46695,17,1601.348861
14.967346,17,1601.839711
14.995123,17,1602.331482
15.16179,17,1602.809883
12.235592,16,1603.245442
12.494727,17,1603.693305
12.844675,17,1604.138191
12.835229,17,1604.569972
15.23563,17,1605.066919
12.540789,17,1605.514452
15.23563,17,1606.001427
14.967346,17,1606.486356
12.578013,17,1606.904754
12.540789,17,1607.32145
14.967346,17,1607.79885
15.16179,17,1608.265042
12.633616,17,1608.693507
15.16179,17,1609.180249
12.494727,17,1609.611718
12.550283,17,1610.033848
12.272505,17,1610.448402
15.189568,17,1610.890076
15.16179,17,1611.35108
12.689172,17,1611.765754
14.995123,17,1612.206162
15.189568,17,1612.647604
14.967346,17,1613.123175
12.494727,17,1613.559254
15.189568,17,1614.028419
15.189568,17,1614.497146
15.189568,17,1614.937621
15.189568,17,1615.389516
12.522505,17,1615.789605
14.995123,17,1616.291387
15.189568,17,1616.757987
12.633616,17,1617.200661
12.494727,17,1617.620515
15.189568,17,1617.971778
15.189568,17,1618.340705
14.967346,17,1618.830717
12.633616,17,1619.25425
15.189568,17,1619.689319
14.995123,17,1620.197056
12.633616,17,1620.633502
15.189568,17,1621.100101
12.522505,17,1621.545531
12.633616,17,1621.983739
12.550283,17,1622.429715
12.633616,17,1622.852215
12.605839,17,1623.27578
14.995123,17,1623.780182
15.022901,17,1624.275732
12.068567,17,1624.713435
15.189568,17,1625.198628
15.189568,17,1625.628798
14.967346,17,1626.057928
15.189568,17,1626.513533
15.189568,17,1626.946093
15.189568,17,1627.407364
13.716432,17,1627.875633
12.281654,16,1628.316345
15.189568,17,1628.786564
15.189568,17,1629.247747
12.522505,17,1629.682852
15.189568,17,1630.124979
12.522505,17,1630.505787
12.890737,17,1630.855793
12.651853,17,1631.259781
12.890737,17,1631.640012
12.661347,17,1632.071483
15.022901,17,1632.544247
15.022901,17,1633.052481
12.235592,16,1633.447329
12.235592,16,1633.885577
12.689125,17,1634.303173
12.689125,17,1634.728786
12.281654,16,1635.207612
15.189568,17,1635.669243
12.661347,17,1636.08274
14.550614,16,1636.512323
15.23563,17,1636.956274
12.689125,17,1637.34211
15.078457,17,1637.831985
14.446736,16,1638.235707
15.23563,17,1638.709333
12.335587,16,1639.134355
15.23563,17,1639.605196
15.106234,17,1640.003647
14.967346,17,1640.44374
12.890737,17,1640.857609
12.207815,16,1641.260337
12.689125,17,1641.686816
9.300679,11,1641.956989
14.91179,17,1642.401661
12.661394,17,1642.809998
12.689125,17,1643.236398
12.689125,17,1643.681044
15.078457,17,1644.167605
12.689125,17,1644.583952
12.689125,17,1645.028626
15.022901,17,1645.463986
14.66179,17,1645.933815
15.134012,17,1646.439813
12.689125,17,1646.85927
12.189531,16,1647.171662
13.940554,17,1647.517221
14.328457,16,1647.91296
14.578457,17,1648.364913
15.050679,17,1648.813073
14.772901,17,1649.280988
15.013407,17,1649.758487
15.16179,17,1650.314518
12.689125,17,1650.689113
15.134012,17,1651.14592
15.261785,17,1651.614427
15.050679,17,1652.090277
15.078457,17,1652.573454
12.235592,16,1652.95799
14.678452,17,1653.441718
14.502283,16,1653.892811
12.335587,16,1654.288609
12.762964,17,1654.715987
12.335587,16,1655.112365
15.050679,17,1655.588578
15.345117,17,1656.063098
12.207815,16,1656.465234
15.050679,17,1656.937438
12.689125,17,1657.372889
12.235592,16,1657.773617
12.235592,16,1658.176764
12.207815,16,1658.587762
15.106234,17,1659.041425
12.207815,16,1659.462523
14.086277,17,1659.927634
15.16179,17,1660.401512
14.995123,17,1660.890303
15.050679,17,1661.383656
12.207815,16,1661.800336
15.134012,17,1662.283849
12.890737,17,1662.701667
14.995123,17,1663.144108
15.050679,17,1663.635064
12.335587,16,1664.078192
12.235592,16,1664.495743
12.762964,17,1664.883511
15.050679,17,1665.431474
12.235592,16,1665.899594
15.243501,17,1666.369177
14.967346,17,1666.860777
12.152259,16,1667.266493
15.298779,17,1667.733805
12.235592,16,1668.177088
15.23563,17,1668.650675
12.180037,16,1669.063383
15.189568,17,1669.538031
15.16179,17,1670.04102
15.207852,17,1670.508307
12.281654,16,1670.924618
15.050679,17,1671.329881
15.189568,17,1671.801432
12.235592,16,1672.130938
12.161753,16,1672.563757
15.189568,17,1673.050266
15.078457,17,1673.511081
12.522505,17,1673.956722
15.16179,17,1674.431429
12.761342,17,1674.863196
12.281654,16,1675.295359
15.022901,17,1675.792611
12.281654,16,1676.218208
12.689125,17,1676.643021
14.818963,17,1677.085034
12.180037,16,1677.480264
14.995123,17,1677.928657
12.633569,17,1678.3696
12.152259,16,1678.781585
14.967346,17,1679.210951
15.189568,17,1679.687506
15.189568,17,1680.215125
15.189568,17,1680.737791
12.235592,16,1681.123602
15.189568,17,1681.59725
11.999703,16,1682.021406
12.21695,17,1682.487193
12.633569,17,1682.884521
12.207815,16,1683.317046
15.189568,17,1683.764045
12.661347,17,1684.198729
12.152259,16,1684.602796
15.16179,17,1685.061438
12.207815,16,1685.478251
12.578013,17,1685.921726
12.152259,16,1686.333974
12.235592,16,1686.77597
12.189531,16,1687.204457
15.23563,17,1687.680584
14.967346,17,1688.150666
12.152259,16,1688.543513
13.214049,16,1688.96914
15.23563,17,1689.458168
12.281654,16,1689.882879
12.281654,16,1690.264511
12.651853,17,1690.692581
15.23563,17,1691.190621
15.189568,17,1691.667461
15.189568,17,1692.117588
12.890737,17,1692.573745
15.189568,17,1693.022275
11.467309,16,1693.461078
12.633569,17,1693.899942
12.762964,17,1694.372215
15.050679,17,1694.878979
12.689125,17,1695.386295
15.050679,17,1695.891992
15.189568,17,1696.313876
12.762964,17,1696.751449
15.022901,17,1697.185371
12.281654,16,1697.599703
15.189568,17,1698.078321
15.189568,17,1698.534722
12.235592,16,1698.94297
14.995123,17,1699.41998
12.74468,17,1699.811181
15.189568,17,1700.28938
15.189568,17,1700.76763
15.16179,17,1701.236948
12.633569,17,1701.657193
15.189568,17,1702.133026
14.884012,17,1702.598568
12.152259,16,1702.982169
14.967346,17,1703.48806
14.967346,17,1703.964084
15.041185,17,1704.456838
12.235592,16,1704.854146
12.281654,16,1705.264368
14.818963,17,1705.716614
12.762964,17,1706.131052
12.235592,16,1706.44291
14.411465,16,1706.846791
12.235592,16,1707.252343
12.85722,16,1707.675713
12.281654,16,1708.089421
15.189568,17,1708.546116
15.189568,17,1709.020948
14.374518,17,1709.489245
15.189568,17,1709.912094
12.578013,17,1710.406173
15.189568,17,1710.844541
15.041185,17,1711.270473
15.022901,17,1711.6777
15.23563,17,1712.162597
12.651853,17,1712.60827
14.73563,17,1713.079085
15.041185,17,1713.580329
12.651853,17,1713.995066
14.707852,17,1714.475644
15.23563,17,1714.938251
15.23563,17,1715.421718
15.16179,17,1715.913381
14.791185,17,1716.384382
15.050679,17,1716.821724
15.16179,17,1717.315017
12.207815,16,1717.718228
15.050679,17,1718.213887
15.050679,17,1718.706747
15.161513,17,1719.161637
12.689125,17,1719.596761
12.689125,17,1720.019905
15.189568,17,1720.494032
15.23563,17,1720.977275
15.16179,17,1721.440714
15.189568,17,1721.893193
12.281654,16,1722.299129
15.022901,17,1722.811132
15.050679,17,1723.306112
15.050679,17,1723.733694
15.23563,17,1724.107505
15.134012,17,1724.576387
12.762964,17,1725.001775
15.050679,17,1725.580629
12.762964,17,1726.0115
12.762964,17,1726.450004
15.041185,17,1726.946312
14.502283,16,1727.399797
12.890737,17,1727.843212
12.281654,16,1728.255662
12.890737,17,1728.603462
14.91179,17,1729.010415
12.890737,17,1729.428931
15.23563,17,1729.904032
12.844675,17,1730.346802
12.762964,17,1730.724284
15.050679,17,1731.214196
15.390903,17,1731.680922
12.335587,16,1732.119093
12.890737,17,1732.531229
12.335587,16,1732.969185
12.281654,16,1733.370343
14.428166,16,1733.836153
15.23563,17,1734.310651
12.235592,16,1734.756792
11.925798,14,1735.142011
14.763407,17,1735.593939
12.890737,17,1736.040751
15.050679,17,1736.568548
15.050679,17,1737.033188
15.390903,17,1737.487082
12.281654,16,1737.902083
15.23563,17,1738.390224
15.390903,17,1738.817569
12.716902,17,1739.252733
12.207815,16,1739.672495
12.189531,16,1740.099539
12.689125,17,1740.636099
15.16179,17,1741.110663
12.207815,16,1741.519927
15.189568,17,1741.997539
12.689172,17,1742.456417
15.189568,17,1742.937138
12.124481,16,1743.352916
14.91179,17,1743.793162
12.152259,16,1744.110691
14.967346,17,1744.617718
12.633569,17,1745.059769
12.281654,16,1745.507582
12.798613,17,1745.930358
12.281654,16,1746.332249
15.189568,17,1746.805754
12.633569,17,1747.244895
14.346739,17,1747.708869
12.446374,16,1748.13008
15.189568,17,1748.590221
12.235592,16,1748.991563
15.16179,17,1749.471149
12.235592,16,1749.920833
15.189568,17,1750.406655
15.206229,17,1750.911073
12.207815,16,1751.322385
15.106234,17,1751.809646
14.818963,17,1752.29347
14.225165,17,1752.756763
15.050679,17,1753.192868
12.790742,17,1753.639221
15.022901,17,1754.141336
15.022901,17,1754.612145
15.022901,17,1755.096379
15.078457,17,1755.657777
15.078457,17,1756.17247
12.235592,16,1756.586954
15.106234,17,1757.06285
15.189568,17,1757.423314
15.23563,17,1757.894464
15.23563,17,1758.327738
15.078457,17,1758.790825
15.022901,17,1759.266498
15.022901,17,1759.762325
14.967346,17,1760.279571
12.661347,17,1760.68383
14.967346,17,1761.179495
15.022901,17,1761.619097
15.189568,17,1762.109866
12.716902,17,1762.562301
14.835624,17,1763.012773
12.235592,16,1763.413455
15.23563,17,1763.878751
12.578013,17,1764.278077
15.189568,17,1764.730298
14.939568,17,1765.180741
12.578013,17,1765.620054
15.189568,17,1766.097914
12.578013,17,1766.684708
12.235592,16,1768.29118
11.753876,16,1770.790795
12.689125,17,1773.711297
12.689125,17,1777.631312
15.189568,17,1781.301561
14.967346,17,1784.103903
12.689125,17,1784.877687
12.522505,17,1785.26102
12.355839,17,1785.691229
12.689125,17,1786.081346
14.846741,17,1786.494154
14.818963,17,1786.904633
13.551665,17,1787.314503
12.762964,17,1787.720426
12.235592,16,1788.059477
12.689125,17,1788.460122
12.207815,16,1788.827038
15.134012,17,1789.271076
12.207815,16,1789.645707
12.689125,17,1790.041017
12.689125,17,1790.453639
12.189531,16,1790.811486
12.235592,16,1791.209316
15.189568,17,1791.643131
15.050679,17,1792.042078
13.77194,17,1792.465735
15.23563,17,1792.895231
12.281654,16,1793.273422
15.050679,17,1793.717191
15.23563,17,1794.14618
14.967346,17,1794.602001
15.245122,17,1795.034424
15.16179,17,1795.472628
15.134012,17,1795.874485
14.856234,17,1796.30331
14.818963,17,1796.708021
12.281654,16,1797.055335
15.23563,17,1797.4712
15.207852,17,1797.8965
15.215723,17,1798.327413
15.189568,17,1798.742697
15.23563,17,1799.163755
15.050679,17,1799.560961
12.281654,16,1799.924813
15.344841,17,1800.410295
15.189568,17,1800.881757
12.689125,17,1801.271218
12.235592,16,1801.647289
14.818963,17,1802.073652
15.245123,17,1802.51888
12.124481,16,1802.886044
15.106234,17,1803.334822
12.661347,17,1803.737943
15.16179,17,1804.197935
12.661347,17,1804.608484
15.189568,17,1805.012079
15.106234,17,1805.446359
15.189568,17,1805.850866
15.050679,17,1806.294708
14.745123,17,1806.720254
15.180074,17,1807.203164
12.281654,16,1807.576998
14.513406,16,1807.958676
12.890737,17,1808.343848
12.689125,17,1808.755061
15.189568,17,1809.201936
12.235592,16,1809.621423
15.050679,17,1810.075212
15.078457,17,1810.555124
15.189568,17,1810.974819
15.050679,17,1811.388131
15.134012,17,1811.858208
15.106234,17,1812.340924
15.050679,17,1812.786369
15.078457,17,1813.242116
15.189568,17,1813.659456
15.078457,17,1814.102206
12.762964,17,1814.470973
15.078457,17,1814.853243
15.078457,17,1815.31952
15.078457,17,1815.840129
12.798613,17,1816.256946
12.152259,16,1816.644747
14.939568,17,1817.112987
15.23563,17,1817.968369
15.078457,17,1819.140379
12.207815,16,1820.146205
15.189568,17,1821.460339
15.134012,17,1822.757767
15.189568,17,1824.359786
12.281654,16,1825.883611
12.790742,17,1827.451177
15.23563,17,1829.405108
15.050679,17,1830.722971
15.189568,17,1831.764693
15.245123,17,1832.532904
14.707852,17,1832.952951
12.890737,17,1833.330312
12.890737,17,1833.705816
12.790742,17,1834.099946
12.689125,17,1834.471353
15.189568,17,1834.894291
12.235592,16,1835.476805
12.235592,16,1835.898084
15.134012,17,1836.352304
15.189568,17,1836.709436
12.633569,17,1837.019428
13.975165,17,1837.327894
15.022901,17,1837.714175
15.189568,17,1838.069302
15.022901,17,1838.428421
15.189568,17,1838.811725
15.078457,17,1839.240985
12.716902,17,1839.581058
15.189568,17,1839.9304
15.078457,17,1840.262458
12.689125,17,1840.552557
12.235592,16,1840.840559
15.189568,17,1841.149755
15.23563,17,1841.471679
12.890737,17,1841.750484
12.207815,16,1842.044275
15.189568,17,1842.385264
15.16179,17,1842.734905
12.689125,17,1843.046789
15.189568,17,1843.358818
12.689125,17,1843.669395
12.235592,16,1843.97062
14.800679,17,1844.335156
12.661347,17,1844.629369
15.189568,17,1844.975425
15.078457,17,1845.35989
15.078457,17,1845.691866
12.152259,16,1845.968361
12.235592,16,1846.268097
15.189568,17,1846.589592
15.189568,17,1846.92132
14.134012,16,1847.237348
14.772901,17,1847.600025
15.189568,17,1847.9656
12.189531,16,1848.282269
14.967346,17,1848.599797
14.995123,17,1848.951974
15.189568,17,1849.280084
14.772901,17,1849.636703
15.335624,17,1849.969696
12.207815,16,1850.277799
15.013407,17,1850.589067
12.335587,16,1850.867619
12.890737,17,1851.173868
12.289526,16,1851.482979
12.890737,17,1851.808647
12.281654,16,1852.146316
15.189568,17,1852.502021
15.078457,17,1852.848527
12.689125,17,1853.207951
12.716902,17,1853.536719
15.050679,17,1853.843313
15.050679,17,1854.201663
12.862959,17,1854.850097
15.23563,17,1855.272989
14.745123,17,1855.650239
15.050679,17,1856.016608
12.235592,16,1856.353565
15.189568,17,1856.720045
15.106234,17,1857.057668
15.189568,17,1857.389832
12.790742,17,1857.689622
15.078457,17,1858.071396
12.716902,17,1858.423873
12.762964,17,1858.77835
14.717346,17,1859.103106
15.106234,17,1859.462815
12.798613,17,1859.76854
15.050679,17,1860.08235
12.762964,17,1860.379288
12.715205,15,1860.65371
14.763407,17,1860.999697
12.281654,16,1861.296494
13.058499,16,1861.602838
12.798661,17,1861.978591
12.281654,16,1862.288101
15.134012,17,1862.692306
15.189568,17,1863.096398
12.335587,16,1863.443391
15.041185,17,1863.845134
12.253876,16,1864.23195
15.189568,17,1864.582135
12.207815,16,1864.904564
12.335587,16,1865.224279
12.335587,16,1865.538218
12.335587,16,1865.853297
12.335587,16,1866.167165
12.281654,16,1866.483715
12.281654,16,1866.783062
15.022901,17,1867.129313
12.529673,17,1867.453101
12.790742,17,1867.765756
12.235592,16,1868.051869
12.235592,16,1868.366374
14.513406,16,1868.693012
15.050679,17,1869.026741
15.189568,17,1869.402744
15.189568,17,1869.758642
14.300679,17,1870.100173
12.335587,16,1870.408102
15.189568,17,1870.761729
12.578013,17,1871.096054
14.967346,17,1871.44028
15.106234,17,1871.773565
12.716902,17,1872.10321
12.358615,17,1872.424011
15.022901,17,1872.794732
12.152259,16,1873.07836
12.689125,17,1873.378546
12.578013,17,1873.696578
12.189531,16,1874.0218
14.98563,17,1874.338747
12.235592,16,1874.618454
14.995123,17,1874.974293
15.189568,17,1875.325353
15.189568,17,1875.641764
12.235592,16,1875.959264
15.189568,17,1876.294507
15.050679,17,1876.640637
15.189568,17,1876.981798
12.189531,16,1877.284661
12.207815,16,1877.571892
12.133975,16,1877.89456
12.661347,17,1878.211612
12.226099,16,1878.529484
15.106234,17,1878.920459
12.289526,16,1879.246153
15.23563,17,1879.576873
7.402326,9,1879.744436
12.335587,16,1880.045313
12.335587,16,1880.336813
12.335587,16,1880.635007
15.291184,17,1880.99001
15.189568,17,1881.320693
15.189568,17,1881.684457
14.939568,17,1882.018094
12.762964,17,1882.32618
12.281654,16,1882.61424
12.790742,17,1882.917874
12.335587,16,1883.204053
15.189568,17,1883.542444
14.967346,17,1883.906654
15.189568,17,1884.265887
12.355839,17,1884.601428
12.346345,17,1884.912317
12.281654,16,1885.218589
12.633569,17,1885.527746
15.23563,17,1885.868961
15.189568,17,1886.209487
15.189568,17,1886.564909
12.281654,16,1886.898045
12.235592,16,1887.214535
12.689125,17,1887.550735
15.189568,17,1887.911519
12.328061,17,1888.24644
12.207815,16,1888.552142
12.355839,17,1888.866424
15.189568,17,1889.196537
14.995123,17,1889.586221
12.355839,17,1889.904363
14.967346,17,1890.261214
15.189568,17,1890.5957
15.189568,17,1890.947217
12.189531,16,1891.290248
13.551665,17,1891.616217
15.022901,17,1891.971625
12.281654,16,1892.29678
15.189568,17,1892.631064
12.281654,16,1892.946797
15.096741,17,1893.318591
15.189568,17,1893.686013
15.206229,17,1894.045102
14.98563,17,1894.379065
15.23563,17,1894.752008
12.529673,17,1895.078958
15.096741,17,1895.492714
14.73563,17,1895.854406
15.096741,17,1896.248304
15.23563,17,1896.608456
15.23563,17,1896.956666
14.939568,17,1897.267695
15.335624,17,1897.628839
12.429678,17,1897.953143
12.501895,17,1898.287445
15.041185,17,1898.638108
12.455833,17,1898.952925
15.189568,17,1899.324797
14.939568,17,1899.722207
12.189172,17,1900.032311
15.106234,17,1900.365232
12.281654,16,1900.706591
14.995123,17,1901.0608
14.995123,17,1901.429023
12.355839,17,1901.7364
14.967346,17,1902.064429
12.429678,17,1902.398847
12.429678,17,1902.712898
15.245115,17,1903.063165
12.429678,17,1903.391731
14.995123,17,1903.746836
12.429678,17,1904.086177
12.429678,17,1904.431309
12.281654,16,1904.769867
11.930037,16,1905.100292
15.050679,17,1905.473743
15.189568,17,1905.810631
12.633569,17,1906.15691
15.022901,17,1906.496005
12.281654,16,1906.808498
12.429678,17,1907.136425
12.355839,17,1907.489777
15.23563,17,1907.815964
12.355839,17,1908.13346
15.23563,17,1908.479407
15.189568,17,1908.839604
14.689568,17,1909.158711
14.856234,17,1909.495118
14.856234,17,1909.857366
14.883735,17,1910.284808
12.355839,17,1910.601302
15.041185,17,1910.968909
12.152259,16,1911.290431
15.189568,17,1911.665718
12.235592,16,1911.964146
15.243501,17,1912.328277
12.411394,17,1912.680517
14.680074,17,1913.059918
12.466902,17,1913.562068
12.281654,16,1913.991164
12.335587,16,1914.380163
15.096741,17,1914.842968
12.429678,17,1915.180758
15.23563,17,1915.527798
12.189531,16,1915.823101
15.23563,17,1916.176368
12.770835,17,1916.516254
12.289526,16,1916.81558
12.429678,17,1917.125014
15.244846,17,1917.46594
15.106234,17,1917.824348
15.050679,17,1918.139265
15.23563,17,1918.461603
12.281654,16,1918.783273
15.050679,17,1919.14587
12.429678,17,1919.46845
12.414171,17,1919.792074
12.550283,17,1920.136533
12.550283,17,1920.479517
12.180037,16,1920.793451
12.207815,16,1921.086765
15.106234,17,1921.404421
12.207815,16,1921.701849
15.106234,17,1922.058935
15.134012,17,1922.412008
12.235592,16,1922.73543
12.235592,16,1923.039533
15.189568,17,1923.387966
15.189568,17,1923.745419
15.050679,17,1924.094922
12.429678,17,1924.456489
15.022901,17,1924.818775
15.189568,17,1925.164505
15.189568,17,1925.51171
12.235592,16,1925.809371
12.249703,16,1926.100367
12.689125,17,1926.412128
15.189568,17,1926.743764
12.74468,17,1927.058568
12.355839,17,1927.364347
12.355839,17,1927.691213
14.856234,17,1928.027427
11.800642,16,1928.346004
15.189568,17,1928.69183
14.995123,17,1929.070242
15.022901,17,1929.432261
14.995123,17,1929.750647
12.328061,17,1930.080585
15.189568,17,1930.432353
12.281654,16,1930.806755
12.355839,17,1931.138964
15.23563,17,1931.48907
12.281654,16,1931.781882
12.429678,17,1932.119451
15.189568,17,1932.44932
15.189568,17,1932.788319
12.335587,16,1933.112027
15.050679,17,1933.472848
14.995123,17,1933.816998
15.189568,17,1934.154393
12.355839,17,1934.499935
15.189568,17,1934.906037
15.189568,17,1935.271745
15.189568,17,1935.627747
12.328061,17,1935.947791
14.828457,17,1936.295997
12.207815,16,1936.613493
15.189568,17,1936.952905
15.189568,17,1937.304469
12.383616,17,1937.637846
15.189568,17,1937.991469
15.050679,17,1938.349877
12.383616,17,1938.680167
14.606234,17,1939.046788
14.995123,17,1939.386166
15.189568,17,1939.722929
14.828457,17,1940.088631
12.355839,17,1940.434284
15.189568,17,1940.762373
13.494162,17,1941.130045
15.23563,17,1941.500057
14.967346,17,1941.851143
12.272505,17,1942.148982
15.189568,17,1942.509051
15.050679,17,1942.872612
12.235592,16,1943.159514
15.189568,17,1943.481986
14.995123,17,1943.806182
14.745123,17,1944.14518
12.152259,16,1944.485008
14.717346,17,1944.825001
14.995123,17,1945.179883
15.189568,17,1945.538893
12.383616,17,1945.873538
15.189568,17,1946.205249
15.189568,17,1946.54522
12.235592,16,1946.83025
12.74468,17,1947.162202
12.281654,16,1947.4948
12.429678,17,1947.818369
15.050679,17,1948.141896
12.289526,16,1948.464617
15.335624,17,1948.813376
15.134012,17,1949.164296
12.429678,17,1949.49677
15.243501,17,1949.850008
12.890737,17,1950.147815
12.289526,16,1950.470273
15.23563,17,1950.793038
12.19143,16,1951.112053
15.134012,17,1951.506043
12.261748,16,1951.822455
12.281654,16,1952.130826
12.429678,17,1952.442764
12.429678,17,1952.775732
12.346345,17,1953.105888
12.355839,17,1953.431764
15.022901,17,1953.775273
15.23563,17,1954.134583
12.624123,17,1954.450557
12.281654,16,1954.750969
14.446736,16,1955.09096
15.050679,17,1955.469577
15.189568,17,1955.782505
15.050679,17,1956.14577
12.281654,16,1956.449395
13.790224,17,1956.790292
14.995123,17,1957.14397
15.189568,17,1957.484815
15.23563,17,1957.808914
15.23563,17,1958.16278
12.707456,17,1958.483401
12.346345,17,1958.791423
15.189568,17,1959.130177
12.335587,16,1959.438795
15.106234,17,1959.792136
14.689568,17,1960.144973
15.189568,17,1960.468566
15.106234,17,1960.81501
15.23563,17,1961.15084
15.134012,17,1961.562734
14.689568,17,1961.909368
15.244846,17,1962.314074
12.335587,16,1962.623791
15.134012,17,1963.002933
12.335587,16,1963.319015
12.235592,16,1963.633624
15.23563,17,1963.983104
14.745123,17,1964.330571
12.281654,16,1964.6432
15.189568,17,1964.979967
12.429678,17,1965.328585
12.272505,17,1965.662706
12.235592,16,1965.958499
12.335587,16,1966.282883
12.429678,17,1966.608757
12.661394,17,1966.920304
15.23563,17,1967.272234
15.022901,17,1967.612039
15.243501,17,1967.956844
12.281654,16,1968.256326
15.207852,17,1968.600238
12.281654,16,1968.955469
15.189568,17,1969.348278
12.501895,17,1969.651218
14.689568,17,1970.006876
15.022901,17,1970.3565
12.429678,17,1970.677397
15.23563,17,1971.03406
12.253876,16,1971.365602
12.355839,17,1971.729015
15.022901,17,1972.109759
15.335624,17,1972.44351
15.134012,17,1972.813739
15.106234,17,1973.162111
15.134012,17,1973.507649
15.23563,17,1973.858716
15.189568,17,1974.223403
14.717346,17,1974.553723
15.189568,17,1974.888774
12.281654,16,1975.202962
15.189568,17,1975.543515
15.189568,17,1975.882342
15.022901,17,1976.26875
15.189568,17,1976.607724
12.429678,17,1976.923233
15.189568,17,1977.275222
15.189568,17,1977.603472
15.189568,17,1977.948801
12.689125,17,1978.266767
12.383616,17,1978.6035
12.46695,17,1978.904792
15.078457,17,1979.243584
15.189568,17,1979.614294
15.134012,17,1979.980443
12.189531,16,1980.303005
12.383616,17,1980.622769
15.23563,17,1980.97304
15.106234,17,1981.278832
15.189568,17,1981.663927
14.939568,17,1981.983887
14.772901,17,1982.316814
15.189568,17,1982.673734
12.411394,17,1983.001493
15.134012,17,1983.357063
15.189568,17,1983.683014
12.189531,16,1983.998636
12.429678,17,1984.314239
14.772901,17,1984.654231
15.189568,17,1985.001756
12.383616,17,1985.33348
12.429678,17,1985.684435
15.189568,17,1986.022166
15.335624,17,1986.408322
12.281654,16,1986.7106
15.078457,17,1987.051605
12.4019,17,1987.386676
12.355839,17,1987.715382
15.189568,17,1988.065036
15.23563,17,1988.423368
12.689125,17,1988.763854
12.335587,16,1989.105961
15.23563,17,1989.460697
15.106234,17,1989.773702
12.281654,16,1990.064257
12.281654,16,1990.383011
15.189568,17,1990.717508
12.253876,16,1991.008528
15.189568,17,1991.36848
12.890737,17,1991.745963
15.16179,17,1992.110181
15.189568,17,1992.432471
15.078457,17,1992.76985
15.23563,17,1993.102876
12.530908,15,1993.404975
12.281654,16,1993.730242
15.022901,17,1994.068683
15.134012,17,1994.434307
15.189568,17,1994.791829
12.335587,16,1995.134994
12.890737,17,1995.455587
15.23563,17,1995.847324
15.189568,17,1996.227456
12.689125,17,1996.545244
15.243501,17,1996.903209
12.335587,16,1997.216316
14.134012,16,1997.525982
14.995123,17,1997.896926
12.281654,16,1998.209057
15.189568,17,1998.567167
14.680074,17,1998.921638
12.522505,17,1999.245667
15.022901,17,1999.605682
15.16179,17,1999.959767
15.050679,17,2000.319203
15.23563,17,2000.653902
12.335587,16,2000.967138
12.289526,16,2001.308641
15.189568,17,2001.66578
12.281654,16,2001.973
12.281654,16,2002.27282
12.529673,17,2002.611233
14.550679,17,2002.939981
15.23563,17,2003.296005
12.4019,17,2003.614722
15.243501,17,2004.003888
14.772901,17,2004.38383
12.529673,17,2004.726454
12.501895,17,2005.063601
12.429678,17,2005.407861
14.828457,17,2005.767642
15.189568,17,2006.141123
12.494727,17,2006.461349
15.335624,17,2006.824699
12.335587,16,2007.106932
12.529673,17,2007.440317
14.791185,17,2007.787544
15.106234,17,2008.188217
15.23563,17,2008.531563
12.529673,17,2008.8632
15.23563,17,2009.211248
11.913753,14,2009.492165
12.411394,17,2009.814942
14.939568,17,2010.177847
15.189568,17,2010.514935
12.355839,17,2010.82893
12.439172,17,2011.161251
14.995123,17,2011.522833
14.995123,17,2011.879739
15.23563,17,2012.218964
15.189568,17,2012.55532
15.106234,17,2012.881551
15.23563,17,2013.235177
15.189568,17,2013.597086
15.189568,17,2013.943879
15.189568,17,2014.292572
14.717346,17,2014.632316
12.281654,16,2014.955952
15.189568,17,2015.275814
15.23563,17,2015.648196
12.289526,16,2015.995911
14.828457,17,2016.353846
12.335587,16,2016.672525
12.522505,17,2016.997166
15.23563,17,2017.352332
15.23563,17,2017.714084
15.106234,17,2018.078444
14.022901,16,2018.38286
15.189568,17,2018.712836
14.763407,17,2019.06197
14.939568,17,2019.380821
12.429678,17,2019.703901
12.429678,17,2020.01595
15.23563,17,2020.377529
15.189568,17,2020.694383
12.576438,17,2021.000328
15.189568,17,2021.326444
15.244846,17,2021.689373
15.189568,17,2022.031997
14.689568,17,2022.373186
15.23563,17,2022.718613
14.828457,17,2023.096422
14.995123,17,2023.452862
12.522505,17,2023.799038
12.429678,17,2024.137025
15.23563,17,2024.504854
15.134012,17,2024.842216
14.717346,17,2025.192067
15.078457,17,2025.543492
14.995123,17,2025.903096
14.522901,17,2026.272605
12.346345,17,2026.598495
15.078457,17,2026.94397
12.335587,16,2027.268039
15.23563,17,2027.62535
15.23563,17,2027.982859
12.429678,17,2028.311706
12.235592,16,2028.603609
15.189568,17,2028.964562
15.189568,17,2029.333391
15.050679,17,2029.694574
14.995123,17,2030.03861
15.022901,17,2030.398602
15.022901,17,2030.762408
15.189568,17,2031.105845
15.106234,17,2031.435108
12.383616,17,2031.768282
14.289238,16,2032.121527
15.23563,17,2032.474787
12.411394,17,2032.85286
12.522505,17,2033.184497
12.429678,17,2033.550428
14.446736,16,2033.868686
15.23563,17,2034.236042
12.890737,17,2034.550888
12.429678,17,2034.886905
15.243501,17,2035.223871
15.106234,17,2035.610854
15.050679,17,2035.96775
14.828457,17,2036.30355
15.16179,17,2036.635118
12.494727,17,2036.994919
15.189568,17,2037.338026
15.134012,17,2037.686849
15.106234,17,2038.046755
12.429678,17,2038.409328
12.429678,17,2038.723641
12.429678,17,2039.05545
15.243501,17,2039.409765
15.245115,17,2039.762642
12.429678,17,2040.100296
15.134012,17,2040.455732
15.022901,17,2040.775381
15.134012,17,2041.114786
15.243501,17,2041.44741
12.429678,17,2041.770196
12.189531,16,2042.098383
15.335624,17,2042.472935
12.429678,17,2042.794573
15.23563,17,2043.139716
15.050679,17,2043.499493
14.763407,17,2043.895732
15.022901,17,2044.290714
9.244259,11,2044.494496
12.189172,17,2044.841831
15.106234,17,2045.222609
12.280032,16,2045.54581
15.124518,17,2045.880258
12.280032,16,2046.171322
12.178415,16,2046.480992
15.363125,17,2046.842348
12.522505,17,2047.148771
15.23563,17,2047.489041
15.215723,17,2047.86936
15.335624,17,2048.206813
15.134012,17,2048.56476
12.668562,17,2048.896316
12.429678,17,2049.225692
12.576438,17,2049.528631
12.661394,17,2049.83799
14.939568,17,2050.183764
15.23563,17,2050.547011
12.335587,16,2050.871532
15.23563,17,2051.226713
15.106234,17,2051.5797
12.235592,16,2051.911932
9.327747,11,2052.125346
15.189568,17,2052.472572
12.300283,17,2052.807805
11.996986,16,2053.136667
15.134012,17,2053.518876
15.189568,17,2053.840292
15.106234,17,2054.201246
12.689125,17,2054.554389
12.281654,16,2054.896119
15.16179,17,2055.242915
12.494727,17,2055.588762
15.050679,17,2055.918308
12.429678,17,2056.227216
12.189531,16,2056.533209
12.439172,17,2056.856861
15.189568,17,2057.20251
12.207815,16,2057.50981
15.189568,17,2057.867365
15.022901,17,2058.207003
15.022901,17,2058.589557
14.856234,17,2058.919189
15.022901,17,2059.244227
15.289563,17,2059.584463
15.23563,17,2059.9614
12.429678,17,2060.299819
12.429678,17,2060.619523
14.995123,17,2060.952902
12.335587,16,2061.311232
12.281654,16,2061.617153
15.23563,17,2061.963658
15.23563,17,2062.309316
15.022901,17,2062.707335
12.429678,17,2063.013876
15.134012,17,2063.380184
15.134012,17,2063.722902
15.078457,17,2064.088261
12.328061,17,2064.430795
14.856234,17,2064.761869
15.022901,17,2065.147267
12.281654,16,2065.462335
14.856234,17,2065.828473
14.800679,17,2066.195032
14.995123,17,2066.548472
15.16179,17,2066.898772
14.772901,17,2067.262012
12.30306,17,2067.581139
14.828457,17,2067.939082
12.355839,17,2068.271784
12.383616,17,2068.594384
15.050679,17,2068.958996
12.429678,17,2069.271665
15.189568,17,2069.626539
12.289526,16,2069.946337
15.16179,17,2070.323514
15.189568,17,2070.692497
15.106234,17,2071.016881
12.189531,16,2071.326
12.46695,17,2071.635823
15.106234,17,2072.001839
13.440554,17,2072.348541
15.134012,17,2072.704469
12.281654,16,2073.010882
12.890737,17,2073.335181
12.281654,16,2073.656336
12.529673,17,2073.960603
15.189568,17,2074.31903
15.189568,17,2074.673005
15.106234,17,2075.041092
15.189568,17,2075.392993
15.189568,17,2075.749563
12.529673,17,2076.089196
12.355839,17,2076.402436
14.772901,17,2076.746547
15.16179,17,2077.105768
15.022901,17,2077.484314
15.189568,17,2077.868238
15.106234,17,2078.229733
12.529673,17,2078.55133
15.16179,17,2078.924254
12.235592,16,2079.243536
12.328061,17,2079.571197
12.355839,17,2079.898782
15.189568,17,2080.220084
12.689125,17,2080.553304
14.995123,17,2080.893312
12.235592,16,2081.189582
12.511389,17,2081.52226
12.522505,17,2081.869569
15.189568,17,2082.226484
12.418562,17,2082.571396
15.134012,17,2082.934129
13.743501,16,2083.290994
15.23563,17,2083.628625
14.66179,17,2083.961579
12.522505,17,2084.277776
12.335587,16,2084.635228
12.289526,16,2084.997943
15.134012,17,2085.357711
12.576438,17,2085.684762
15.16179,17,2086.069816
14.717346,17,2086.414903
15.298779,17,2086.766858
12.429678,17,2087.08761
15.390903,17,2087.451261
14.446736,16,2087.783897
12.501895,17,2088.133149
15.217068,17,2088.467052
15.390903,17,2088.830361
12.335587,16,2089.134316
12.289526,16,2089.427747
12.335587,16,2089.745634
15.23563,17,2090.116452
14.495123,17,2090.472238
15.215723,17,2090.809528
12.522505,17,2091.12853
12.890737,17,2091.458569
12.235592,16,2091.728584
12.522505,17,2092.056198
12.335587,16,2092.364369
12.335587,16,2092.659084
12.289526,16,2092.979875
14.745123,17,2093.33577
12.281654,16,2093.626959
15.134012,17,2093.961086
15.134012,17,2094.287383
12.235592,16,2094.594878
15.189568,17,2094.94113
15.134012,17,2095.337171
15.189568,17,2095.673977
15.16179,17,2096.037394
12.529673,17,2096.356656
12.335587,16,2096.666514
12.335587,16,2097.000595
12.335587,16,2097.296036
12.494727,17,2097.616854
12.576438,17,2097.928384
12.335587,16,2098.210238
12.024763,16,2098.50907
15.050679,17,2098.885785
14.271001,16,2099.241865
14.328457,16,2099.548651
15.189568,17,2099.915619
12.494727,17,2100.21409
15.106234,17,2100.615773
15.23563,17,2100.976586
12.335587,16,2101.290704
12.235592,16,2101.582408
15.189568,17,2101.932642
15.134012,17,2102.291143
12.522505,17,2102.607625
12.522505,17,2102.92248
12.522505,17,2103.237165
12.494727,17,2103.556883
15.189568,17,2103.909052
12.494727,17,2104.239266
15.189568,17,2104.596324
15.022901,17,2104.963899
12.578061,17,2105.299826
14.300679,16,2105.637339
12.189172,17,2105.988832
15.23563,17,2106.353819
14.73563,17,2106.721539
12.235592,16,2107.017956
12.522505,17,2107.348276
15.23563,17,2107.709317
12.207815,16,2108.013476
15.23563,17,2108.356135
14.550679,17,2108.712304
15.106234,17,2109.051341
15.23563,17,2109.393091
15.23563,17,2109.732054
15.189568,17,2110.116354
15.134012,17,2110.479016
15.022901,17,2110.830299
15.022901,17,2111.188612
15.16179,17,2111.546949
15.189568,17,2111.898758
12.689125,17,2112.221833
14.995123,17,2112.552559
15.189568,17,2112.892323
12.383616,17,2113.228881
15.23563,17,2113.572173
15.050679,17,2113.937348
15.189568,17,2114.319113
12.522505,17,2114.683252
15.189568,17,2115.027783
12.328061,17,2115.355569
12.355839,17,2115.680314
15.189568,17,2116.040522
12.355839,17,2116.361054
15.189568,17,2116.710481
12.355839,17,2117.049732
15.189568,17,2117.421527
12.411394,17,2117.808605
15.189568,17,2118.150357
12.207815,16,2118.506581
15.189568,17,2118.897443
15.189568,17,2119.292016
15.189568,17,2119.652251
12.522505,17,2120.003045
12.762964,17,2120.36283
15.050679,17,2120.690756
11.44143,16,2121.017724
12.355839,17,2121.353063
12.244727,17,2121.682027
15.022901,17,2122.067537
14.745123,17,2122.440431
12.383616,17,2122.771934
12.689125,17,2123.126422
15.022901,17,2123.445295
15.189568,17,2123.774091
15.16179,17,2124.175151
15.16179,17,2124.540184
14.439568,17,2124.874988
15.050679,17,2125.228514
14.16961,17,2125.55942
15.022901,17,2125.928111
12.189172,17,2126.27195
12.494727,17,2126.597931
15.243501,17,2126.971636
15.16179,17,2127.33033
12.689125,17,2127.668746
15.189568,17,2128.018233
12.522505,17,2128.323954
15.106234,17,2128.687396
12.235592,16,2129.008639
15.23563,17,2129.348354
15.134012,17,2129.696793
12.522505,17,2130.028468
12.485234,17,2130.37708
12.207815,16,2130.689394
12.522505,17,2131.018418
12.578061,17,2131.349447
15.189568,17,2131.69063
15.106234,17,2132.053938
12.522505,17,2132.404118
12.041148,16,2132.70562
15.16179,17,2133.052006
15.022901,17,2133.401325
14.967346,17,2133.775976
15.23563,17,2134.131163
12.522505,17,2134.45372
14.995123,17,2134.841121
11.883616,17,2135.241589
12.576438,17,2135.572937
15.050679,17,2135.94244
15.23563,17,2136.28552
12.289526,16,2136.664304
12.890737,17,2136.997169
12.289526,16,2137.314652
15.134012,17,2137.661628
14.995123,17,2138.011483
15.243501,17,2138.362606
12.501895,17,2138.688104
15.243501,17,2139.068029
12.335587,16,2139.423221
15.050679,17,2139.79496
15.106234,17,2140.10796
15.16179,17,2140.46247
12.568567,17,2140.791247
14.022901,17,2141.118372
15.124518,17,2141.451016
15.23563,17,2141.80442
14.995123,17,2142.129131
12.494727,17,2142.452124
14.91179,17,2142.808443
15.243501,17,2143.171415
15.189568,17,2143.523273
12.428056,17,2143.839279
12.550283,17,2144.142928
15.23563,17,2144.495721
15.078457,17,2144.882972
15.134012,17,2145.276337
15.134012,17,2145.603105
11.913753,14,2145.905857
15.23563,17,2146.269585
15.16179,17,2146.605787
12.522505,17,2146.935547
12.522505,17,2147.239646
15.189568,17,2147.602978
15.23563,17,2147.976608
15.189568,17,2148.346629
12.383616,17,2148.674211
12.522505,17,2148.999714
12.689125,17,2149.320368
12.383616,17,2149.639673
14.384012,17,2149.947502
15.16179,17,2150.326027
12.253876,16,2150.632699
12.207815,16,2150.947703
14.995123,17,2151.269481
12.522505,17,2151.594256
15.16179,17,2151.922367
14.884012,17,2152.267223
15.16179,17,2152.635874
12.522505,17,2152.980839
15.16179,17,2153.322711
14.189568,16,2153.643761
15.134012,17,2153.993841
15.23563,17,2154.330075
12.689125,17,2154.65116
12.578061,17,2154.979306
14.717346,17,2155.325928
15.189568,17,2155.661072
15.245115,17,2156.008782
14.772901,17,2156.38673
15.16179,17,2156.72069
10.76296,14,2157.006385
15.16179,17,2157.383986
15.189568,17,2157.715159
15.134012,17,2158.033062
12.289526,16,2158.361252
15.23563,17,2158.706048
12.328061,17,2159.015988
15.078457,17,2159.371087
14.967346,17,2159.738316
15.022901,17,2160.082298
12.400278,17,2160.39856
15.022901,17,2160.764982
15.261785,17,2161.137899
12.335587,16,2161.451626
15.23563,17,2161.79218
14.717346,17,2162.130922
12.429678,17,2162.460053
12.355839,17,2162.771848
12.335587,16,2163.081724
12.578061,17,2163.405228
15.291138,17,2163.77415
15.291185,17,2164.14253
14.995123,17,2164.471513
15.189568,17,2164.824423
14.91179,17,2165.171248
15.180073,17,2165.54261
12.522505,17,2165.861208
12.522505,17,2166.17813
12.522505,17,2166.476982
12.328061,17,2166.797368
12.550283,17,2167.105278
10.415146,15,2167.458686
14.772901,17,2167.854493
15.189568,17,2168.211771
12.105839,17,2168.538095
14.772901,17,2168.885855
15.106234,17,2169.241369
12.253876,16,2169.543493
12.689125,17,2169.872437
15.189568,17,2170.208071
15.189568,17,2170.581568
15.189568,17,2170.910611
14.91179,17,2171.266115
15.106234,17,2171.601236
12.068878,16,2171.902699
15.189568,17,2172.216431
12.522505,17,2172.512771
12.522505,17,2172.843947
15.050679,17,2173.181328
12.689172,17,2173.491633
15.189568,17,2173.849153
15.16179,17,2174.214219
12.568567,17,2174.547598
15.16179,17,2174.906029
15.189568,17,2175.263022
12.289526,16,2175.565054
12.21695,17,2175.895545
15.189568,17,2176.246256
12.844675,17,2176.577625
12.335587,16,2176.898416
12.890737,17,2177.236857
12.30781,16,2177.543528
15.23563,17,2177.904314
15.106234,17,2178.256111
12.335587,16,2178.564354
15.23563,17,2178.91684
12.522505,17,2179.244355
15.243501,17,2179.582682
15.050679,17,2179.913442
12.346345,17,2180.250347
14.745123,17,2180.601526
15.16179,17,2180.9286
14.967346,17,2181.269657
15.23563,17,2181.610389
12.383616,17,2181.939654
12.522505,17,2182.251474
15.16179,17,2182.608181
12.289526,16,2182.905114
12.178415,16,2183.203189
12.44634,17,2183.512589
15.189568,17,2183.874602
12.335587,16,2184.172196
15.189568,17,2184.513688
14.995123,17,2184.862585
15.16179,17,2185.231538
14.939568,17,2185.554427
12.494727,17,2185.86848
15.022901,17,2186.222862
15.189568,17,2186.55318
12.522505,17,2186.846854
15.23563,17,2187.185748
12.522505,17,2187.498519
15.290908,17,2187.862758
12.661394,17,2188.183012
15.23563,17,2188.525389
12.661394,17,2188.817328
12.522505,17,2189.124344
15.050679,17,2189.462778
14.745123,17,2189.787993
15.189568,17,2190.123894
14.828457,17,2190.475064
14.772901,17,2190.808268
12.289526,16,2191.116512
14.967346,17,2191.487036
15.23563,17,2191.845951
12.578061,17,2192.155661
12.355839,17,2192.474106
12.289526,16,2192.776563
13.496109,17,2193.098027
12.335587,16,2193.40863
15.16179,17,2193.751865
12.400278,17,2194.05682
15.189568,17,2194.387488
12.281932,16,2194.702443
14.967346,17,2195.047494
12.244727,17,2195.385331
15.207852,17,2195.754534
15.263406,17,2196.134764
15.23563,17,2196.484541
15.050679,17,2196.829628
14.939568,17,2197.154016
12.469726,17,2197.470383
14.884012,17,2197.845376
12.548661,17,2198.173222
15.23563,17,2198.534414
15.243501,17,2198.885819
12.522505,17,2199.195204
14.800679,17,2199.549405
12.383616,17,2199.855083
12.578061,17,2200.155889
14.439568,17,2200.475445
12.522505,17,2200.775707
14.995123,17,2201.136878
15.189568,17,2201.45651
12.522505,17,2201.765495
15.16179,17,2202.107581
15.050679,17,2202.509742
12.522505,17,2202.822401
15.189568,17,2203.158997
15.189568,17,2203.498742
14.967346,17,2203.85962
12.235592,16,2204.183288
12.411394,17,2204.499785
12.253876,16,2204.801584
12.494727,17,2205.123663
14.967346,17,2205.442769
14.967346,17,2205.770786
15.189568,17,2206.102173
12.281654,16,2206.424072
12.494727,17,2206.729421
15.106234,17,2207.104448
12.207815,16,2207.380595
12.661347,17,2207.708084
15.106234,17,2208.070278
14.467346,17,2208.477638
12.494727,17,2208.840242
15.050679,17,2209.20693
12.383616,17,2209.514024
15.189568,17,2209.823976
12.328061,17,2210.152095
15.16179,17,2210.499183
15.16179,17,2210.857133
14.995123,17,2211.225575
12.540789,17,2211.548721
15.16179,17,2211.903003
15.16179,17,2212.311801
12.522505,17,2212.631679
15.189568,17,2213.028401
15.16179,17,2213.39042
12.180037,16,2213.697781
12.226099,16,2213.997747
15.134012,17,2214.354466
12.180037,16,2214.68233
15.16179,17,2215.045093
12.689125,17,2215.373486
15.022901,17,2215.71804
12.550283,17,2216.027622
12.180037,16,2216.342898
14.356234,17,2216.671973
12.180037,16,2216.975575
12.161753,16,2217.316641
12.522505,17,2217.629404
15.189568,17,2217.983868
12.494727,17,2218.294542
15.134012,17,2218.681792
15.189568,17,2219.006052
12.494727,17,2219.316719
14.91179,17,2219.665057
12.550283,17,2219.980222
15.16179,17,2220.313634
15.23563,17,2220.645845
15.189568,17,2220.994869
15.16179,17,2221.404824
14.086277,17,2221.724605
13.744162,17,2222.053228
12.522505,17,2222.380768
15.078457,17,2222.773919
12.578061,17,2223.094896
15.189568,17,2223.438231
12.522505,17,2223.747594
14.939568,17,2224.083569
15.189568,17,2224.400605
15.16179,17,2224.730616
15.189568,17,2225.051625
12.335587,16,2225.397742
12.661394,17,2225.723943
14.995123,17,2226.07932
15.096741,17,2226.450805
15.189568,17,2226.784227
15.16179,17,2227.142282
12.578061,17,2227.448098
15.290908,17,2227.783726
14.418958,16,2228.131233
15.23563,17,2228.475523
12.522505,17,2228.782538
12.522505,17,2229.092793
12.494727,17,2229.44065
15.124518,17,2229.794216
12.724117,17,2230.12239
15.16179,17,2230.450067
12.335587,16,2230.76588
12.30781,16,2231.050801
15.23563,17,2231.381337
12.383616,17,2231.684638
12.522505,17,2232.00141
15.106234,17,2232.391821
12.4019,17,2232.705451
12.335587,16,2233.013882
15.189568,17,2233.380267
15.134012,17,2233.752881
14.828457,17,2234.09291
12.668562,17,2234.414919
12.661394,17,2234.785713
15.243501,17,2235.186898
12.335587,16,2235.520879
14.828457,17,2235.870382
15.124518,17,2236.235879
14.995123,17,2236.542856
12.244727,17,2236.8523
15.124518,17,2237.210785
12.529673,17,2237.522276
12.522505,17,2237.869067
15.23563,17,2238.246195
12.289526,16,2238.555055
14.884012,17,2238.878501
15.189568,17,2239.221936
15.23563,17,2239.565643
15.106234,17,2239.929285
15.23563,17,2240.279499
14.995123,17,2240.592485
12.568567,17,2240.903364
15.189568,17,2241.227245
15.206229,17,2241.597938
15.189568,17,2241.941947
15.23563,17,2242.271343
12.522505,17,2242.613677
15.022901,17,2242.948009
12.522505,17,2243.260487
15.189568,17,2243.620224
15.189568,17,2243.937932
15.23563,17,2244.302608
15.207852,17,2244.635843
12.400278,17,2244.972508
14.995123,17,2245.326085
14.91179,17,2245.65168
14.800679,17,2245.985202
15.23563,17,2246.332058
12.335587,16,2246.636643
12.522505,17,2246.981218
15.050679,17,2247.323025
12.383616,17,2247.639201
12.578061,17,2247.92623
12.335587,16,2248.22974
14.995123,17,2248.583323
14.828457,17,2248.925653
12.244727,17,2249.228289
13.114054,16,2249.540775
15.16179,17,2249.908708
12.300283,17,2250.220398
15.245123,17,2250.577021
12.522505,17,2250.923852
12.522505,17,2251.232599
12.289526,16,2251.557678
14.465559,17,2251.877295
12.522505,17,2252.189727
14.995123,17,2252.530649
12.189172,17,2252.871428
14.967346,17,2253.226666
15.23563,17,2253.57871
12.494727,17,2253.88062
12.522505,17,2254.188016
15.23563,17,2254.529844
12.483611,17,2254.862456
14.328457,17,2255.220174
12.578061,17,2255.534786
15.189568,17,2255.881337
12.522505,17,2256.235118
12.3725,17,2256.555861
15.23563,17,2256.886585
12.189172,17,2257.206088
12.568567,17,2257.522607
14.939568,17,2257.831865
14.939568,17,2258.216271
12.522505,17,2258.562074
14.902296,17,2258.935374
14.856234,17,2259.274702
12.6519,17,2259.594966
14.995123,17,2259.92251
12.335587,16,2260.243631
12.550283,17,2260.603065
14.995123,17,2260.944477
12.439172,17,2261.261335
12.244727,17,2261.590667
14.939568,17,2261.921354
14.884012,17,2262.281467
15.050679,17,2262.627766
9.244259,11,2262.828744
14.967346,17,2263.19818
14.995123,17,2263.563377
13.940554,17,2263.879929
12.335587,16,2264.207569
14.995123,17,2264.558097
14.995123,17,2264.908778
14.884012,17,2265.221552
12.244727,17,2265.552055
12.441949,17,2265.856716
10.930289,13,2266.095036
15.23563,17,2266.420849
12.522505,17,2266.738543
12.253876,16,2267.077951
15.022901,17,2267.390265
14.967346,17,2267.731134
12.522505,17,2268.072911
14.689568,17,2268.403037
14.745123,17,2268.759217
14.717346,17,2269.091353
15.189568,17,2269.44419
13.77194,17,2269.766189
15.189568,17,2270.08182
14.995123,17,2270.427308
13.884998,17,2270.788863
15.16179,17,2271.138461
14.967346,17,2271.476131
12.161394,17,2271.799309
14.995123,17,2272.171973
15.022901,17,2272.509507
12.522505,17,2272.807311
12.355839,17,2273.115634
15.189568,17,2273.456808
