#{"t_start": 1764442608.8075597, "env_id": "merge-v0"}
r,l,t
4.92654,6,3.094393
4.150905,5,3.282089
8.936826,11,3.681412
4.354346,5,3.860861
6.763419,8,4.229088
12.94668,14,4.77353
4.151481,5,4.996596
4.183815,5,5.176022
13.346684,15,5.77165
5.225091,6,5.979187
3.987991,5,6.155135
12.188411,14,6.683705
6.947504,8,7.055809
7.052622,8,7.459732
13.168958,15,8.220979
3.220343,4,8.424443
11.22054,15,9.165558
3.916848,5,9.411897
3.292185,4,9.596316
7.875661,9,10.014346
4.236629,5,10.266494
8.576581,10,10.770377
13.884012,16,11.57466
6.942317,8,11.943978
5.264993,6,12.191065
8.585175,12,12.819969
8.636715,10,13.298046
5.017168,6,13.576255
3.986036,5,13.825686
6.784679,8,14.210805
5.250537,6,14.457409
7.74791,9,14.891984
4.927876,6,15.179833
3.444444,4,15.380146
3.243235,4,15.562366
3.997499,5,15.81038
7.363402,9,16.274313
14.606234,17,17.141127
4.109232,5,17.383509
12.495123,14,18.044662
4.927822,6,18.345162
5.022834,6,18.60896
5.044946,6,18.898733
7.664153,9,19.338329
4.150052,5,19.597333
3.997054,5,19.812838
6.550555,8,20.174874
8.354064,10,20.682927
6.873592,8,21.077281
3.114056,4,21.25482
5.160348,6,21.556064
5.015059,6,21.811388
5.053044,6,22.05897
5.138427,6,22.346551
4.109232,5,22.573305
3.338889,4,22.774271
10.789682,13,23.401457
7.465735,9,23.842232
13.502283,15,24.618654
3.138889,4,24.78873
6.104346,7,25.123036
4.094542,5,25.357908
7.960865,10,25.841793
4.855744,6,26.137764
3.29879,4,26.3318
11.430248,13,26.989224
8.131569,9,27.495043
6.005556,7,27.859675
11.543884,14,28.570081
4.123578,5,28.838487
4.986082,6,29.126825
3.086278,4,29.335397
4.842204,6,29.656645
4.987991,6,29.958511
4.997499,6,30.304873
4.19238,5,30.563159
10.785598,12,31.168572
12.717346,14,31.816021
4.988339,6,32.124391
3.187679,4,32.334674
5.730307,7,32.665668
3.172222,4,32.877791
3.364056,4,33.072629
13.622571,15,33.844446
8.562347,10,34.331056
9.465895,12,34.930032
7.335773,9,35.394367
6.439905,8,35.816367
8.7051,11,36.383371
5.235435,6,36.683416
4.097193,5,36.953979
8.873029,10,37.438273
7.183835,8,37.843974
12.217336,14,38.724661
8.31734,10,39.28397
13.307521,15,40.047923
7.13972,9,40.524184
4.179259,5,40.78159
6.082872,7,41.150244
7.201841,8,41.532517
4.168564,5,41.784084
8.576164,10,42.354944
3.081454,4,42.574052
6.944501,8,42.982111
3.123704,4,43.183811
5.040258,6,43.481561
7.23939,8,43.892074
12.333343,14,44.764564
7.735821,9,45.301556
7.09774,8,45.793272
4.283339,5,46.106725
4.90009,6,46.477612
5.136388,6,46.843378
10.493505,14,47.725658
12.16018,15,48.606976
10.92877,13,49.390164
3.354346,4,49.605721
7.650396,9,50.088726
7.81875,9,50.558131
7.984686,9,51.037508
7.61754,9,51.516783
4.136325,5,51.787979
10.584319,12,52.373152
5.173431,6,52.682807
8.425123,10,53.256225
13.0834,14,53.961904
9.401356,11,54.543618
6.26386,7,54.90492
9.401704,12,55.520624
7.156057,8,55.968587
9.059671,12,56.621786
11.757867,13,57.263774
4.132123,5,57.538478
8.522899,10,58.026399
3.255556,4,58.237565
7.000521,8,58.657079
9.60796,11,59.242303
13.281221,16,60.088955
10.594119,14,60.836369
3.305556,4,61.04092
6.466457,8,61.481996
11.435207,15,62.234123
6.04051,7,62.621083
11.795092,13,63.294349
4.938389,6,63.601738
7.914787,9,64.087245
8.990281,10,64.604728
6.136823,7,64.977531
13.328179,15,65.816613
5.052992,6,66.113564
5.053054,6,66.418139
8.413421,11,66.996638
6.774832,8,67.421435
10.660769,12,68.041927
6.057453,7,68.391042
3.364056,4,68.596902
4.124971,5,68.853698
5.136979,6,69.152247
4.905051,6,69.475352
5.123592,6,69.798296
5.154653,6,70.120131
4.234815,5,70.369114
7.55707,9,70.851212
5.183835,6,71.162617
6.208288,7,71.492693
3.097945,4,71.672485
8.145928,10,72.178304
3.318148,4,72.388146
5.936352,7,72.77246
4.105744,5,73.019528
6.025275,7,73.383567
11.104228,14,74.123486
11.507434,15,74.887681
5.155106,6,75.197814
5.989254,7,75.550851
7.128279,8,75.970995
13.002943,15,76.728326
7.492522,9,77.183588
6.159901,7,77.532576
11.496986,16,78.318086
4.903617,6,78.639655
12.465445,14,79.38834
3.227778,4,79.591708
7.722642,9,80.040042
7.26503,9,80.491487
3.236082,4,80.690449
7.653314,9,81.169057
6.717049,8,81.577655
7.33711,9,82.064328
9.451181,11,82.713468
3.28022,4,82.905592
7.531879,9,83.36003
11.209432,14,84.067995
11.561414,14,84.797372
4.938061,6,85.073953
6.34208,8,85.478761
3.255556,4,85.678989
14.078132,16,86.521749
5.095814,6,86.820319
7.038931,8,87.201858
5.791374,7,87.547283
8.168218,10,88.072988
11.896719,13,88.755879
12.557716,15,89.556508
9.108198,11,90.080351
7.625866,9,90.53306
11.805258,16,91.339326
12.52194,15,92.083143
5.228987,6,92.380444
7.682838,9,92.817794
8.043511,9,93.242783
13.633735,15,94.002894
3.277778,4,94.211094
11.885875,16,95.047437
5.000537,6,95.337913
11.906876,16,96.163496
4.956861,6,96.460108
12.327496,15,97.21931
4.252945,5,97.463619
12.376939,15,98.205529
9.382978,11,98.778107
8.85313,11,99.357017
13.272622,15,100.122658
9.345575,11,100.686389
6.068036,7,101.033226
10.105089,12,101.607931
11.545971,13,102.285648
13.197574,16,103.150591
11.685395,15,103.895378
6.096541,7,104.263268
3.382123,4,104.465851
6.726294,8,104.848644
4.223065,5,105.094183
5.825241,7,105.452817
13.567016,15,106.18875
6.024832,7,106.520366
3.939745,5,106.771154
3.993616,5,107.020461
6.551041,8,107.448535
11.427158,14,108.196929
6.471991,8,108.579852
9.346704,12,109.212919
9.041403,11,109.784327
3.985642,5,110.037285
6.13701,7,110.3976
6.182107,7,110.75286
11.093815,13,111.432757
5.146265,6,111.747252
3.311111,4,111.93702
4.077967,5,112.197112
11.638584,16,112.959798
12.660829,15,113.738623
12.939568,15,114.489153
7.794448,9,114.950031
11.944147,16,115.75345
4.320167,5,115.990519
11.66901,15,116.740851
8.895612,10,117.23975
8.398531,10,117.754442
6.225167,7,118.10462
4.827407,6,118.396931
5.183815,6,118.706484
5.874723,7,119.058731
6.169611,7,119.412167
4.271459,5,119.670053
7.201841,8,120.069935
5.858711,7,120.435453
6.288894,7,120.789905
7.292401,8,121.213201
3.347193,4,121.425331
10.329051,12,122.030792
12.235628,14,122.728847
10.271835,12,123.349122
10.306542,12,123.947252
3.888292,5,124.201695
4.012016,5,124.474534
7.496396,9,124.948291
6.846094,8,125.329664
7.201841,8,125.718626
6.222222,7,126.066955
11.361367,15,126.788696
8.811748,11,127.347459
10.814091,14,128.056857
7.263857,8,128.455905
5.958257,7,128.817688
4.113787,5,129.072123
11.522668,13,129.741361
11.059872,14,130.428159
9.444789,11,130.974096
7.194475,8,131.355529
6.794946,8,131.754257
12.677166,15,132.515595
4.845823,6,132.815622
6.169612,7,133.166724
5.152649,6,133.482073
3.318964,4,133.68586
8.292032,10,134.188633
12.455905,14,134.869972
11.709714,16,135.651833
4.248121,5,135.894178
14.402288,16,136.747195
12.595071,14,137.470026
3.305556,4,137.664
11.308879,14,138.354595
12.438599,15,139.103194
7.858095,9,139.566165
12.16637,16,140.376944
13.189558,15,141.175778
9.923314,12,141.801432
6.860582,8,142.229098
5.390511,6,142.532201
6.168222,7,142.883327
5.099245,6,143.183095
5.549268,7,143.529433
4.933835,6,143.841955
10.801321,13,144.495663
13.939568,16,145.325131
12.301037,15,146.133516
12.912776,16,146.933119
4.18201,5,147.18393
8.878865,10,147.666171
13.133688,15,148.441864
13.550679,16,149.278184
12.779099,15,150.033829
7.151369,8,150.453357
12.660827,15,151.211453
13.817293,15,151.948196
11.252344,15,152.706339
5.900262,7,153.066494
6.858172,8,153.472116
12.829443,15,154.276662
7.761988,9,154.745073
7.267168,8,155.152408
8.363721,10,155.666098
5.894069,7,156.025008
5.292771,6,156.339441
5.083515,6,156.648514
8.377273,10,157.166508
13.967346,16,158.024742
4.083996,5,158.274162
5.019961,6,158.580798
6.808985,8,158.99242
10.319178,12,159.568758
4.870195,6,159.876683
7.80266,9,160.349561
8.72023,11,160.888818
5.072724,6,161.192008
5.635056,7,161.564669
13.562729,16,162.352971
14.057847,16,163.134505
4.205654,5,163.40288
10.583811,13,164.085195
13.675559,16,164.874633
4.952873,6,165.174554
4.292185,5,165.430378
7.229618,8,165.845433
4.161398,5,166.112981
7.179403,8,166.519018
4.708763,6,166.828693
8.189929,10,167.301078
7.810294,9,167.750058
9.849391,12,168.343838
10.035975,13,169.004538
14.245123,16,169.846674
4.203938,5,170.085572
10.417653,12,170.6781
7.626964,9,171.134642
12.134673,14,171.832583
10.961094,15,172.616161
5.111949,6,172.915465
13.133735,15,173.728527
5.004439,6,174.03533
10.024864,12,174.646474
12.558499,15,175.41098
8.698741,10,175.926521
11.606197,16,176.780731
5.008036,6,177.076632
12.05254,16,177.896967
7.738394,9,178.356225
7.877282,9,178.785794
4.882283,6,179.055557
11.696788,15,179.816418
7.012621,8,180.239573
10.160925,12,180.832051
14.049005,17,181.651903
4.011937,5,181.908323
5.228024,6,182.166439
7.072724,8,182.584407
6.139426,7,182.936768
4.124971,5,183.196003
4.173228,5,183.454477
6.674482,8,183.890073
6.784542,8,184.362286
7.128279,8,184.784425
7.66928,9,185.29795
5.034542,6,185.658942
13.300679,15,186.511772
3.164788,4,186.743941
6.098785,7,187.159344
11.413653,16,188.076016
10.26234,12,188.72716
14.078455,16,189.759972
13.884012,16,190.647155
13.584654,16,191.547102
13.050679,15,192.356483
3.271012,4,192.576258
7.229618,8,193.020118
7.201841,8,193.440808
7.183835,8,193.871457
7.576569,9,194.380788
4.135943,5,194.649075
4.382123,5,194.931556
8.39802,10,195.484903
8.429007,10,196.015871
5.654399,7,196.402402
6.051831,7,196.806347
10.535773,13,197.583735
10.702566,13,198.31588
5.242715,6,198.634018
7.211613,8,199.078074
3.354346,4,199.345872
5.222759,6,199.717122
5.206846,6,200.068774
8.038987,9,200.545804
6.894283,8,200.97416
6.223778,7,201.348206
12.466385,15,202.127449
8.571384,10,202.652227
7.633058,9,203.130827
14.078457,16,204.025129
12.355273,15,204.839905
5.191881,6,205.153593
13.578457,15,205.927816
9.453337,11,206.530304
8.043511,9,207.008738
5.013645,6,207.323975
12.502943,15,208.119162
5.233431,6,208.475107
7.267168,8,208.920121
6.68243,8,209.337132
6.838991,8,209.791092
6.05184,7,210.172727
7.23939,8,210.600098
5.7421,7,210.970728
7.889363,10,211.498828
11.913653,16,212.388409
10.404324,14,213.104242
11.348603,16,214.012157
4.920684,6,214.393348
9.50313,11,215.035972
7.263857,8,215.467009
10.714095,14,216.203937
9.418842,11,216.781253
11.583333,12,217.428046
6.197389,7,217.822685
13.048732,15,218.635265
7.08326,9,219.151777
12.558174,15,219.957806
7.880585,9,220.453842
13.550679,15,221.261452
15.152296,17,222.231573
9.104624,11,222.849693
11.76927,13,223.586185
14.439568,16,224.51863
5.900098,7,224.889364
9.340191,11,225.474561
12.494727,17,226.372732
7.410763,9,226.863128
13.550679,15,227.707826
13.522901,16,228.62057
6.095814,7,228.999863
8.678835,11,229.697664
7.055485,8,230.201506
12.939568,15,231.111882
11.638889,12,231.764823
8.311414,10,232.309965
8.92223,10,232.873893
7.70031,9,233.363734
9.558165,11,233.962834
4.067571,5,234.241842
14.856234,17,235.132188
10.153177,12,235.801074
8.845235,10,236.332597
8.071289,9,236.815198
4.333438,5,237.084032
6.589713,8,237.528583
8.066709,9,237.996017
6.232197,7,238.405093
5.366703,6,238.726942
7.603615,9,239.204191
10.387926,12,239.894155
6.084777,7,240.276838
10.52649,12,240.993014
8.072034,9,241.483368
4.203048,5,241.754759
8.86353,11,242.361419
14.578409,17,243.302887
12.661394,17,244.205827
14.384012,17,245.293142
8.831653,11,245.879114
8.391498,10,246.424754
6.053054,7,246.808333
7.211613,8,247.247217
6.191499,7,247.629799
7.021867,8,248.080753
13.689568,15,248.886603
6.150098,7,249.256313
11.30582,15,250.038969
14.356234,16,250.983345
12.716902,17,251.882311
12.411394,17,252.76998
9.308686,11,253.344429
11.206881,13,254.058661
7.828838,9,254.546562
10.605979,12,255.214084
6.04037,7,255.578485
4.179251,5,255.843374
4.993402,6,256.166064
10.23805,12,256.787172
10.52076,13,257.489419
12.191949,17,258.360933
7.540149,9,258.84029
4.814857,6,259.150578
4.236082,5,259.453389
11.752419,14,260.247086
7.132374,9,260.756945
13.354612,15,261.615509
14.635975,17,262.781676
10.78667,13,263.511867
12.16637,16,264.372702
12.244727,17,265.273117
4.23871,5,265.533285
7.23939,8,265.95813
5.179147,6,266.271314
3.401481,4,266.495916
10.443157,12,267.154475
7.597078,9,267.712081
9.697574,12,268.55022
11.474566,15,269.440383
5.689949,7,269.818052
13.606234,15,270.600853
12.549718,15,271.406839
14.300679,17,272.306482
14.91179,17,273.314471
12.466385,15,274.145548
12.494162,15,274.955367
12.661394,17,275.813817
14.521115,17,276.704811
15.16179,17,277.741078
15.16179,17,278.786681
13.522901,15,279.612527
9.54997,11,280.187004
11.155816,15,281.015848
5.79879,7,281.391374
4.822724,6,281.688297
4.04037,5,281.945022
4.830387,6,282.270607
13.272901,15,283.049189
14.772901,17,283.961453
12.439172,17,284.841995
6.957098,8,285.303551
5.049781,6,285.618501
10.308999,12,286.261689
13.705951,15,287.068678
12.43833,15,287.859947
12.438551,15,288.660408
14.346741,16,289.577819
11.466955,13,290.246757
10.32667,12,290.87448
14.328457,16,291.73977
12.383051,15,292.523789
14.856234,17,293.505751
15.189568,17,294.393855
13.586275,16,295.24585
11.863455,15,296.021215
11.999703,16,296.841043
14.439568,16,297.689978
4.173604,5,297.952003
13.696863,16,298.799593
11.599926,15,299.607669
14.41179,16,300.510282
10.308999,12,301.135555
13.718599,16,301.995536
13.975165,17,302.835435
14.162148,17,303.768297
12.327496,15,304.547152
11.555556,12,305.182955
10.52649,12,305.803465
8.730866,10,306.33804
7.211613,8,306.741001
10.32667,12,307.330511
12.055258,16,308.224668
15.189568,17,309.193197
14.995123,17,310.040996
11.063642,13,310.704425
12.439172,17,311.601681
13.689568,15,312.396308
14.41179,16,313.249513
11.19471,15,313.968406
5.960616,7,314.327244
4.29879,5,314.586623
4.222327,5,314.859845
3.28022,4,315.077836
6.031148,7,315.445362
13.495123,15,316.311456
12.355839,17,317.140682
12.633616,17,318.031739
15.16179,17,318.951338
12.291101,16,319.760087
7.346959,9,320.248841
5.965457,7,320.620607
3.138889,4,320.841022
12.299718,15,321.682262
14.217346,17,322.596689
15.189568,17,323.627464
15.189568,17,324.585556
15.189568,17,325.45639
15.189568,17,326.40625
4.947084,6,326.727577
13.078455,14,327.459008
5.303054,6,327.766762
7.229618,8,328.165892
11.174487,12,328.793692
4.10483,5,329.043507
12.661394,17,329.857996
15.134012,17,330.766722
14.856234,17,331.67302
14.911743,17,332.61953
11.00782,12,333.234423
8.620004,10,333.741272
4.380339,5,333.987928
11.371325,14,334.73793
13.106233,14,335.423434
12.939568,15,336.263186
12.439172,17,337.145418
12.275282,17,338.0401
15.134012,17,339.101532
9.233673,11,339.682359
14.189568,17,340.607697
11.633616,17,341.505584
14.022901,16,342.440598
14.828457,17,343.407632
11.550283,17,344.368272
14.134012,16,345.205856
14.245123,16,346.129809
15.189568,17,347.149841
14.856234,17,348.120549
8.09982,9,348.634677
13.301665,17,349.541254
14.689568,17,350.504456
12.272505,17,351.349858
15.078457,17,352.269687
13.383678,15,353.037979
12.216385,15,353.948899
9.376939,11,354.521086
12.4019,17,355.304768
14.619197,17,356.139349
14.356187,17,357.061335
14.884012,17,358.076774
13.030721,16,359.047692
12.439172,17,359.930445
12.305258,16,360.765761
12.305258,16,361.578026
14.467346,16,362.474297
13.884012,15,363.228452
13.745123,16,364.08226
12.399713,15,364.896188
5.882123,7,365.267912
8.687376,10,365.77797
14.022901,17,366.698836
12.305258,16,367.526718
10.500986,12,368.148406
5.947389,7,368.577125
12.299718,15,369.386462
6.038894,7,369.762565
4.944982,6,370.076293
4.025277,5,370.327857
12.689568,15,371.165839
14.400674,17,372.080346
14.91179,17,373.01303
12.549718,15,373.826634
12.689172,17,374.725785
15.189568,17,375.655774
12.411394,17,376.487762
14.856234,17,377.427116
13.66961,17,378.297982
14.245123,17,379.169196
9.249353,11,379.693161
15.16179,17,380.684744
12.633616,17,381.602813
12.733611,17,382.493186
5.714322,7,382.858283
12.305258,16,383.790072
12.716942,17,384.66827
12.328061,17,385.550965
8.578456,10,386.067324
14.634012,17,387.000968
4.992299,6,387.309688
10.924487,12,387.967691
12.244162,15,388.792636
14.245123,16,389.719103
14.828457,17,390.693439
15.022901,17,391.625474
14.484007,16,392.513878
8.072042,9,392.972984
5.73605,7,393.341235
13.717346,15,394.172639
13.734007,16,395.038042
14.548779,16,395.957152
10.175559,12,396.56925
14.134012,16,397.424361
14.856234,17,398.402421
11.999703,16,399.23292
11.657561,15,399.999889
8.183088,10,400.529635
7.211613,8,400.957828
10.528764,12,401.599045
5.090098,6,401.951864
6.005556,7,402.320413
12.800679,15,403.179511
15.106234,17,404.112471
12.411394,17,404.999076
12.439172,17,405.858422
12.411394,17,406.71077
14.606234,17,407.564181
12.235234,17,408.418221
14.106234,17,409.320929
12.654717,16,410.207959
11.999703,16,411.058059
12.439172,17,411.960949
12.439172,17,412.885762
12.439172,17,413.760456
12.194147,16,414.596991
8.336759,10,415.141757
12.189172,17,415.975004
13.078456,14,416.701475
13.77289,15,417.527197
13.717068,15,418.340789
12.19143,16,419.140635
14.93952,17,420.167963
14.939568,17,421.141145
14.356234,16,422.039844
12.01337,16,422.860121
12.494727,17,423.765724
14.384012,16,424.632902
12.328061,17,425.505083
11.772505,17,426.419666
9.394962,11,427.007972
9.124736,11,427.655226
7.211613,8,428.072677
14.106234,16,429.088362
15.16179,17,430.04351
14.300679,16,430.914191
14.106234,16,431.782427
12.475165,15,432.573326
11.969208,16,433.414421
14.856234,17,434.346753
14.078457,16,435.239025
8.361127,10,435.767226
11.444147,16,436.565594
14.078457,16,437.443004
13.725165,17,438.303635
12.300283,17,439.137888
15.189568,17,440.117687
13.85722,17,440.994312
12.6519,17,441.793411
11.049815,13,442.427605
12.689172,17,443.230216
12.439172,17,444.153845
11.860814,16,444.971476
7.211613,8,445.378883
5.874971,7,445.753605
4.806093,6,446.060228
10.334319,12,446.675936
10.569181,13,447.334205
14.078457,17,448.241903
15.16179,17,449.117919
12.550283,17,450.020392
15.050679,17,450.914591
14.439568,17,451.75744
15.189568,17,452.630431
14.745123,17,453.511447
12.133616,17,454.32992
10.753321,14,455.047976
12.856234,15,455.853526
12.300283,17,456.683318
14.030721,17,457.560586
15.106234,17,458.445107
4.151481,5,458.719186
11.94143,16,459.550525
14.245123,17,460.418782
12.105839,17,461.317692
12.578061,17,462.140724
12.439172,17,462.985681
12.411394,17,463.7839
9.302642,11,464.323089
8.057975,10,464.865003
10.949437,16,465.798016
14.995123,17,466.70184
14.884012,17,467.637423
12.4044,17,468.530975
6.709172,8,468.932138
12.440554,15,469.705994
10.695431,12,470.339398
6.861129,8,470.79549
4.87688,6,471.163569
4.028315,5,471.5083
13.106234,15,472.482173
14.068963,16,473.397395
15.011508,17,474.488761
14.939568,17,475.404499
12.91179,14,476.192106
14.578457,17,477.266819
13.690554,17,478.281496
12.46695,17,479.185592
12.633616,17,480.105709
12.110814,16,480.992799
11.746986,16,481.941889
13.967346,17,482.984626
14.050679,17,483.996166
9.915146,15,484.856117
13.106234,15,485.768738
12.856234,15,486.696992
14.106234,16,487.6877
14.578457,17,488.765992
10.949977,15,489.615501
11.800283,17,490.617171
14.967346,17,491.67848
12.355839,17,492.569116
8.606234,10,493.179266
11.523885,14,494.151574
12.249703,16,495.073243
13.467346,16,496.062624
11.180314,16,496.991247
13.474236,16,497.989722
12.844841,15,498.83357
12.305258,16,499.706904
14.234007,16,500.630559
14.57651,16,501.649991
13.828457,16,502.687318
15.050679,17,503.729342
11.250266,15,504.664115
6.592179,8,505.176156
11.333333,12,505.871012
12.456891,15,506.768882
14.217288,16,507.708102
6.299989,8,508.201161
13.273887,17,509.239418
15.189568,17,510.251224
12.383616,17,511.187931
12.43755,17,512.079575
12.383616,17,512.940315
14.578457,17,513.950017
8.642315,10,514.463961
4.931725,6,514.796361
7.367221,9,515.296109
4.097193,5,515.56052
12.752943,16,516.479146
14.939568,17,517.428771
12.328061,17,518.293965
12.328061,17,519.196244
14.114054,17,520.13176
15.289285,17,521.108964
14.522901,17,522.196498
12.383616,17,523.063019
13.85722,17,524.110518
14.772901,17,525.075047
8.978295,11,525.730011
14.400674,17,526.777758
14.856234,17,527.765239
15.106234,17,528.711474
15.022901,17,529.720363
12.46695,17,530.544223
12.605839,17,531.409629
14.0784,16,532.237991
14.939568,17,533.118013
14.884012,17,534.030032
13.058499,16,534.832229
11.499703,16,535.646664
5.734703,7,536.006529
11.424487,13,536.672402
3.255556,4,536.876552
6.728959,8,537.274104
13.550679,16,538.128877
11.248594,15,538.846798
14.161457,16,539.644568
12.383616,17,540.473489
12.46695,17,541.297145
14.022901,16,542.166538
13.522901,16,542.993463
13.828457,16,543.788028
12.330838,17,544.621699
15.106234,17,545.502674
15.189568,17,546.421469
12.689172,17,547.238945
12.305258,16,548.054409
5.024867,6,548.365353
13.522901,15,549.168486
7.211613,8,549.588957
3.215457,4,549.786496
3.207037,4,549.988285
11.333333,12,550.570733
10.734657,13,551.251041
3.941499,5,551.564529
5.844542,7,551.91749
10.586657,14,552.594661
10.670972,14,553.289841
14.939568,17,554.185063
11.883616,17,555.054202
12.300283,17,555.906679
14.522901,17,556.817926
13.356234,16,557.640647
14.189511,16,558.45862
10.306543,12,559.043967
12.105839,17,559.884323
15.022901,17,560.811148
14.884012,17,561.668807
12.689172,17,562.414565
14.106234,16,563.256136
12.696457,15,564.070217
10.528764,12,564.694038
8.392315,10,565.217915
9.399772,11,565.787924
12.624733,16,566.59181
14.689568,17,567.466605
14.91179,17,568.360178
11.746986,16,569.136715
13.752943,17,569.991148
6.376183,8,570.380296
10.752941,13,571.058758
13.16961,16,571.887957
14.689568,17,572.721495
14.16179,16,573.568276
13.911154,17,574.468794
12.884012,15,575.282993
6.502613,8,575.678539
13.467346,16,576.514536
4.914166,6,576.802291
8.152511,10,577.337255
12.194147,16,578.145736
14.856234,17,579.180663
14.078457,16,580.088129
14.856234,17,580.986383
15.261508,17,581.872763
12.515828,16,582.704108
6.857315,9,583.166579
11.052541,16,583.994447
12.330838,17,584.845461
13.707852,16,585.69538
13.799057,16,586.532242
13.567014,15,587.298616
14.91179,17,588.208706
14.189567,16,589.026759
12.386393,17,589.869137
9.597824,11,590.440912
7.861629,9,590.893465
7.921416,9,591.354753
12.540224,15,592.115332
15.050679,17,593.016131
12.328061,17,593.907708
14.689568,17,594.864145
9.182829,11,595.413652
6.004107,8,595.829123
12.57782,16,596.643259
14.078457,17,597.517795
10.439559,13,598.157379
10.94543,13,598.813751
3.255556,4,599.020464
5.747499,7,599.363676
5.886388,7,599.71464
4.144444,5,599.961153
12.689172,17,600.771616
15.134012,17,601.586569
14.884012,17,602.428559
7.257396,8,602.833254
11.174487,12,603.463078
5.844542,7,603.822356
10.929103,13,604.529013
7.485963,9,604.989199
7.531222,9,605.470021
6.750423,8,605.865459
11.222848,13,606.534885
12.138592,16,607.37607
11.833036,16,608.190879
11.944147,16,608.994394
12.552642,16,609.849618
13.467346,16,610.686884
12.328061,17,611.52459
14.939568,17,612.446926
14.93952,17,613.388507
14.772901,17,614.255764
14.446736,16,615.098377
13.550679,16,615.905397
13.468331,17,616.752769
14.300679,17,617.654553
13.66179,16,618.503549
14.606234,17,619.424319
12.91179,15,620.221685
10.972488,15,620.99572
10.833598,15,621.767512
13.530721,17,622.612413
14.022901,17,623.474633
11.651325,14,624.188278
8.833753,10,624.782297
10.991873,14,625.485618
12.16637,16,626.260122
15.134012,17,627.159144
14.328457,17,628.016052
8.922912,11,628.577716
8.071318,9,629.022641
12.495066,14,629.748089
12.967346,15,630.532678
15.078457,17,631.451457
14.884012,17,632.359823
11.830319,16,633.139564
13.606234,16,633.968286
13.995123,16,634.79963
12.939568,15,635.601439
13.189568,15,636.546486
14.002943,17,637.397766
14.344794,16,638.284072
3.821773,5,638.545846
4.867875,6,638.846044
5.984815,7,639.230618
6.599497,8,639.685285
8.106593,10,640.223782
15.134012,17,641.119955
12.414171,17,641.954323
9.328457,11,642.48953
12.083036,16,643.298635
12.52194,15,644.092368
13.884012,16,644.892375
14.372571,16,645.718734
13.725165,17,646.573182
15.189568,17,647.453793
10.473208,12,648.047485
13.689568,16,648.903866
15.189568,17,649.773228
14.856234,17,650.660099
14.272567,16,651.485862
14.634012,17,652.395301
12.780721,16,653.213233
12.328061,17,654.044142
12.330838,17,654.989212
14.361178,16,655.830638
3.159901,4,656.037285
3.094542,4,656.256762
3.2,4,656.425882
4.095926,5,656.659218
3.124971,4,656.898397
4.858165,6,657.234797
12.191949,17,658.127823
14.717346,17,659.087846
14.884012,17,660.007946
14.939568,17,660.895126
12.056181,14,661.594073
6.04037,7,661.947126
7.23939,8,662.342229
4.040258,5,662.581502
11.361111,12,663.144713
3.215457,4,663.296653
4.172222,5,663.538504
4.830832,6,663.842225
3.144444,4,664.065441
14.39845,16,664.933197
12.578061,17,665.765043
13.89118,16,666.596107
14.372619,16,667.460729
13.533636,16,668.320058
12.605839,17,669.167286
14.159843,16,670.002592
12.939568,15,670.818756
8.280387,10,671.384254
13.050679,15,672.156206
10.585943,13,672.968861
15.16179,17,673.918549
11.524764,16,674.770374
9.106593,11,675.289533
14.828457,17,676.171138
11.999703,16,676.994597
13.539563,16,677.812675
13.467346,16,678.690596
11.208092,16,679.532918
15.078457,17,680.4376
12.411394,17,681.331513
13.660829,17,682.25933
13.891832,17,683.180233
14.245123,16,684.039353
13.884012,16,684.83335
12.207815,16,685.625877
14.465398,16,686.439031
12.328061,17,687.284459
13.706419,17,688.189138
12.163653,16,688.986848
12.086276,14,689.801769
12.328061,17,690.642422
14.828457,17,691.541001
11.944091,16,692.341756
14.884012,17,693.208412
13.66179,16,694.037684
15.134012,17,694.957363
14.606234,17,695.822828
14.050679,16,696.736519
11.94143,16,697.54757
5.818036,7,697.890867
3.222222,4,698.088766
4.166667,5,698.331888
6.681394,8,698.736623
14.856234,17,699.665238
12.300283,17,700.520636
14.578457,17,701.430393
14.985582,17,702.303011
11.035978,14,703.008521
12.995123,15,703.801708
13.689568,16,704.670558
14.189568,16,705.512796
5.822724,7,705.883268
10.64059,14,706.568045
5.697907,7,706.944817
9.077505,12,707.581998
15.189568,17,708.524543
14.800679,17,709.340294
14.555622,16,710.174321
10.973208,13,710.83929
12.967346,15,711.709486
13.772901,16,712.559202
14.939291,17,713.401748
13.551665,17,714.25745
14.967346,17,715.188775
15.261508,17,716.072379
12.557451,17,716.92057
14.244846,16,717.748704
12.383616,17,718.558992
14.93952,17,719.47178
14.884012,17,720.380387
14.884012,17,721.193861
15.050679,17,722.203094
14.078457,16,723.062898
14.606234,17,723.980139
15.134012,17,724.790274
14.689568,17,725.63267
11.337162,16,726.529654
12.328061,17,727.368696
13.467288,15,728.149143
12.884002,14,728.857259
14.300679,16,729.747037
14.205952,16,730.604789
15.022901,17,731.539138
14.342894,16,732.573196
7.282684,10,733.217373
12.411394,17,734.136015
12.272505,17,735.085871
12.689172,17,736.054031
14.957852,17,736.981549
12.244727,17,737.90383
5.806093,7,738.274071
14.106234,16,739.228717
11.888592,16,740.179492
14.289285,16,741.14537
14.884012,17,742.141639
14.995123,17,743.087322
12.328061,17,743.996233
14.527845,16,744.930368
14.550679,17,745.852845
14.537338,16,746.670327
12.578061,17,747.523359
8.994323,12,748.156453
14.634012,17,749.05063
14.884012,17,749.906306
14.196458,16,750.727951
12.485234,17,751.59176
7.208304,8,752.001064
8.175798,10,752.53698
11.246986,16,753.315668
12.856179,15,754.227799
13.947388,17,755.145953
13.634012,16,756.027116
14.884012,17,757.152153
14.439568,16,758.049136
12.305258,16,758.887221
12.661394,17,759.702959
13.975165,17,760.695771
11.550283,17,761.604972
14.66179,17,762.465634
14.550679,17,763.379118
13.41178,15,764.170553
14.272901,16,765.070839
15.189568,17,765.941222
14.800679,17,766.862174
14.856234,17,767.799001
12.439172,17,768.648767
14.002943,17,769.536535
12.244162,15,770.27232
8.163753,10,770.794698
7.98482,9,771.26433
13.111503,15,772.050277
5.771867,7,772.412884
12.305258,16,773.224548
15.189568,17,774.135278
12.661394,17,774.973338
12.383616,17,775.888661
12.249703,16,776.652059
12.383616,17,777.477654
11.058161,13,778.151534
13.252943,16,779.012594
14.66179,17,779.918813
14.078457,16,780.773015
9.039676,11,781.348355
12.383616,17,782.144227
14.096741,16,783.001044
14.856234,17,783.838414
9.021949,12,784.468856
14.106234,16,785.336359
12.428641,15,786.080657
15.134012,17,787.105103
13.780721,17,788.018345
14.800679,17,788.876858
12.328061,17,789.76331
12.328061,17,790.640961
13.742844,15,791.442275
11.888592,16,792.282443
14.648448,16,793.091682
11.281221,14,793.841134
14.884012,17,794.738951
10.152511,12,795.407933
13.772901,16,796.35483
10.445432,12,796.991896
14.300679,17,797.92699
11.330319,16,798.807304
14.495123,17,799.685218
15.134012,17,800.563204
12.884012,15,801.364137
14.884012,17,802.373444
14.884012,17,803.308252
12.605839,17,804.180226
12.383616,17,805.020404
14.800679,17,805.91142
14.772901,17,806.805331
14.763407,17,807.772505
12.91179,15,808.697152
12.441949,17,809.650789
12.383616,17,810.573617
14.772901,17,811.534107
13.66179,16,812.467143
12.249703,16,813.328656
14.134012,16,814.245317
15.078457,17,815.12256
12.300283,17,816.040555
12.386393,17,817.204916
12.46695,17,818.226983
12.355839,17,819.141644
14.828457,17,820.08157
14.356234,16,821.04442
12.277481,16,821.949305
4.002945,5,822.195656
8.425112,10,822.765453
11.694444,12,823.388703
6.027778,7,823.775587
12.249703,16,824.601944
15.022901,17,825.531025
11.751929,16,826.374568
11.907269,14,827.140792
13.633965,16,828.008397
14.234007,16,828.842124
14.985582,17,829.790603
14.689568,17,830.722005
13.36373,16,831.552919
13.690554,17,832.530804
14.550679,17,833.463975
14.967346,17,834.480322
14.16179,16,835.516367
12.46695,17,836.51029
12.439172,17,837.385521
13.662776,17,838.347985
15.022901,17,839.356364
15.106234,17,840.281558
12.633616,17,841.190951
14.856234,17,842.129043
14.078409,16,843.002927
13.579443,17,843.872664
12.244727,17,844.673515
11.305258,16,845.526198
10.624736,13,846.20271
14.66179,17,847.133354
13.995123,16,847.953107
9.364241,11,848.482858
14.884012,17,849.357804
12.383616,17,850.178099
13.718331,17,851.098548
11.985849,14,851.778992
14.078457,16,852.610891
11.342465,14,853.331366
14.884012,17,854.264007
15.16179,17,855.136277
13.660829,17,855.969462
13.662776,17,856.817299
12.439172,17,857.645919
12.358615,17,858.477423
14.16179,16,859.339577
12.330838,17,860.169385
12.330838,17,861.032942
13.799718,17,862.023586
13.611503,16,862.894497
13.223543,16,863.739997
11.383975,16,864.558641
12.383616,17,865.394356
11.108097,16,866.226904
14.384012,17,867.128773
14.884012,17,868.059964
12.578061,17,868.941331
14.745123,17,869.785387
12.083036,16,870.739175
13.328457,15,871.519174
15.189568,17,872.433518
12.328061,17,873.365234
12.330838,17,874.195853
15.235621,17,875.079938
15.022901,17,875.998737
15.189568,17,876.915791
12.661394,17,877.749555
15.050679,17,878.659571
14.884012,17,879.510475
13.496109,17,880.388765
14.717346,17,881.217111
13.523887,17,882.063489
14.217021,16,882.912787
14.051037,17,883.776051
14.344841,16,884.570437
14.745123,17,885.438143
14.800679,17,886.279351
14.884012,17,887.149639
12.328061,17,887.902716
15.263407,17,888.748722
14.372619,16,889.559314
15.050679,17,890.466587
13.967346,16,891.324905
10.642212,14,892.010527
11.605839,17,892.905452
13.272901,16,893.675707
8.975648,11,894.247108
11.108097,16,895.084145
12.381994,17,895.985729
14.354287,16,896.813469
15.106234,17,897.707544
14.16179,16,898.585339
15.078457,17,899.443366
12.439172,17,900.294032
14.050679,16,901.157672
12.439172,17,901.945594
14.717346,17,902.842262
13.412776,17,903.741509
12.328061,17,904.518091
13.864054,17,905.30374
14.300354,16,906.092881
15.160168,17,906.898808
14.828457,17,907.757238
14.884012,17,908.650837
14.884012,17,909.567788
13.947388,17,910.395139
14.300679,17,911.272189
15.050679,17,912.120078
13.829443,17,912.974268
14.078457,16,913.852636
13.864054,17,914.704333
12.46695,17,915.651341
14.550679,17,916.605429
15.106234,17,917.50883
12.050283,17,918.391142
14.078455,16,919.263698
13.633051,17,920.119186
14.800679,17,921.035579
14.717346,17,921.926632
14.66179,17,922.782859
15.106234,17,923.751402
14.495123,17,924.667298
14.772901,17,925.625538
12.19143,16,926.395073
13.057569,15,927.194734
9.675559,12,927.827756
11.99693,16,928.623658
12.966385,16,929.426203
13.468331,17,930.300722
14.467346,17,931.16103
15.134012,17,932.089129
12.383616,17,932.922799
14.884012,17,933.819283
14.856234,17,934.654084
13.362908,17,935.576396
14.689568,17,936.566366
11.163653,16,937.545239
14.967346,17,938.520285
11.302379,15,939.396404
12.355839,17,940.269694
15.050679,17,941.119401
12.578061,17,941.918266
11.761748,16,942.761368
13.773887,17,943.619214
14.995123,17,944.501862
14.689568,17,945.392957
14.689568,17,946.238302
12.384771,17,947.101285
12.383616,17,947.904168
15.078457,17,948.764928
13.579443,17,949.669505
12.439172,17,950.489059
14.856234,17,951.401232
14.606234,17,952.294837
15.078457,17,953.14449
14.939568,17,954.105742
13.550679,16,954.943649
14.856234,17,955.783435
14.856234,17,956.622709
12.358615,17,957.487471
12.328061,17,958.375255
15.134012,17,959.268252
14.634012,17,960.15137
12.439172,17,960.998859
14.772901,17,961.892722
12.383616,17,962.715989
12.411394,17,963.564051
12.46695,17,964.39659
12.439172,17,965.198152
12.752943,16,965.985796
14.689568,17,966.907527
15.106234,17,967.760698
14.66179,17,968.691621
12.46695,17,969.595376
9.642019,12,970.220617
14.884012,17,971.152497
14.372619,16,971.971126
14.800679,17,972.858392
14.382065,16,973.682516
14.798779,17,974.543386
14.66179,17,975.370436
14.884012,17,976.260833
15.022901,17,977.177715
14.717346,17,978.011497
15.16179,17,978.932383
15.106234,17,979.927359
15.106234,17,980.788095
15.189568,17,981.662476
14.91179,17,982.513058
14.245123,16,983.364136
12.46695,17,984.24837
12.46695,17,985.081161
14.634012,17,985.943811
12.313642,15,986.702342
14.73563,17,987.559338
12.330838,17,988.400429
13.689568,16,989.22967
14.217346,16,990.143006
12.46695,17,990.951473
11.309985,15,991.718899
12.041148,16,992.507799
12.083036,16,993.32824
14.16179,16,994.15621
14.225165,17,995.007755
12.355839,17,995.837829
12.328061,17,996.68139
14.745123,17,997.615461
12.46695,17,998.452451
12.46695,17,999.364124
12.46695,17,1000.193236
12.46695,17,1001.064826
13.60722,17,1001.938991
14.328457,17,1002.812556
12.110814,16,1003.591978
10.256073,12,1004.172254
15.022901,17,1005.027461
12.330838,17,1005.868272
11.939172,17,1006.711607
12.383616,17,1007.55023
11.385875,16,1008.401881
13.467346,16,1009.229861
12.522505,17,1010.051391
12.975666,16,1010.890007
6.724321,8,1011.330622
12.330838,17,1012.121869
12.439172,17,1012.90441
13.468331,17,1013.777127
15.134012,17,1014.804574
13.440554,17,1015.638054
13.91961,17,1016.496115
12.71772,15,1017.291131
13.690554,17,1018.179942
14.91179,17,1019.095904
14.114054,17,1019.91252
15.106234,17,1020.785553
11.939172,17,1021.657239
14.717346,17,1022.48421
11.994727,17,1023.392434
14.495123,17,1024.257696
14.856234,17,1025.142291
15.078457,17,1026.020321
12.328061,17,1026.878075
14.050679,17,1027.695303
14.884012,17,1028.603031
12.661394,17,1029.450475
15.16179,17,1030.340713
12.689172,17,1031.098867
12.383616,17,1031.898582
14.884012,17,1032.787267
13.799718,17,1033.615305
14.967346,17,1034.483385
13.884012,16,1035.294223
11.166933,15,1036.042221
12.689172,17,1036.903557
13.912776,17,1037.78382
15.106234,17,1038.646918
12.411394,17,1039.490872
12.661386,17,1040.338649
13.690554,17,1041.188452
15.050679,17,1042.014952
13.939568,16,1042.814005
14.550679,17,1043.638422
15.16179,17,1044.577378
13.424753,16,1045.396439
11.939172,17,1046.246537
12.19143,16,1047.006088
15.078457,17,1047.873484
12.46695,17,1048.716318
14.772901,17,1049.59891
12.46695,17,1050.423522
15.189568,17,1051.334227
11.966672,17,1052.232156
15.106234,17,1053.055789
12.46695,17,1053.910315
13.60722,17,1054.780645
13.773887,17,1055.657757
14.884012,17,1056.578851
12.525274,17,1057.434269
14.328457,17,1058.305123
13.717346,16,1059.122591
14.772901,17,1060.030782
11.99445,17,1060.87219
14.800679,17,1061.749387
15.078457,17,1062.657047
13.16961,16,1063.529997
12.439172,17,1064.315898
12.330838,17,1065.138399
12.330838,17,1066.016842
12.355839,17,1066.821774
11.219208,16,1067.673549
13.662776,17,1068.568558
14.634012,17,1069.469527
12.328061,17,1070.301048
14.884012,17,1071.26652
12.466902,17,1072.096812
14.058499,17,1072.930138
11.828061,17,1073.800747
12.414171,17,1074.627842
15.078457,17,1075.51587
12.522505,17,1076.346742
12.744719,17,1077.180457
15.271001,17,1078.050461
15.134012,17,1078.949914
15.271001,17,1079.812448
13.965446,16,1080.618774
14.634012,17,1081.612495
15.189568,17,1082.523196
15.189568,17,1083.432558
12.689172,17,1084.236048
12.661394,17,1085.143302
12.46695,17,1085.993589
12.383616,17,1086.868709
15.16179,17,1087.753129
15.078457,17,1088.647864
13.660829,17,1089.463356
14.455952,16,1090.272374
14.884012,17,1091.172554
12.135875,16,1091.924127
15.050679,17,1092.817421
15.215446,17,1093.724205
15.134012,17,1094.587835
12.328061,17,1095.384507
12.661393,17,1096.246482
12.383616,17,1097.098643
12.46695,17,1097.920603
14.550679,17,1098.807127
11.274764,16,1099.63693
12.46695,17,1100.437126
15.050679,17,1101.336728
14.66179,17,1102.160691
14.745123,17,1103.101809
12.328061,17,1103.966641
14.689568,17,1104.790248
11.643043,16,1105.602738
12.633616,17,1106.42042
14.884012,17,1107.333039
13.891832,17,1108.187581
14.106234,16,1109.032983
14.356234,17,1109.894664
15.134012,17,1110.781615
13.412776,17,1111.692573
12.689926,16,1112.496323
15.078457,17,1113.350032
9.600155,13,1114.030906
14.856234,17,1114.947477
14.93952,17,1115.869888
14.13239,16,1116.730981
11.496986,16,1117.579643
12.439172,17,1118.422274
14.439568,17,1119.303839
14.66179,17,1120.131611
15.078457,17,1121.007914
12.522505,17,1121.773262
15.050679,17,1122.66186
14.772901,17,1123.614105
12.46695,17,1124.461816
15.106234,17,1125.345529
14.689568,17,1126.298468
12.43755,17,1127.125842
15.189568,17,1128.034325
14.884012,17,1128.959039
15.189568,17,1129.811584
15.078457,17,1130.691248
12.967346,15,1131.504786
12.108097,16,1132.259926
10.475545,14,1132.945505
11.108097,16,1133.767967
15.189568,17,1134.637112
14.856234,17,1135.47799
12.383616,17,1136.272809
15.16179,17,1137.173398
14.884012,17,1138.095077
9.850151,13,1138.829908
14.828457,17,1139.6732
12.328061,17,1140.502141
14.689568,17,1141.440241
12.330838,17,1142.269055
14.856234,17,1143.189556
14.884012,17,1143.99564
15.050679,17,1144.889841
12.520606,17,1145.684611
14.66179,17,1146.538636
12.439172,17,1147.370693
13.864054,17,1148.207161
15.134012,17,1149.059125
12.328061,17,1149.888943
13.579443,17,1150.780302
14.884012,17,1151.665085
14.745123,17,1152.576473
12.577736,17,1153.409317
12.300283,17,1154.267866
15.078457,17,1155.181054
13.412776,17,1156.035101
12.46695,17,1156.947476
14.772901,17,1157.811946
14.800679,17,1158.739961
14.826834,17,1159.629658
15.189568,17,1160.586741
12.383616,17,1161.386507
12.355839,17,1162.239036
12.19143,16,1163.020876
12.46695,17,1163.822108
12.330838,17,1164.63678
14.717346,17,1165.470402
14.800679,17,1166.343286
12.022505,17,1167.163512
13.662776,17,1167.956137
15.189568,17,1168.752695
12.46695,17,1169.502289
15.106234,17,1170.36101
12.439172,17,1171.102615
14.0784,16,1171.925452
12.46695,17,1172.741641
15.022901,17,1173.671499
13.91179,16,1174.467212
12.467346,15,1175.239913
15.244846,17,1176.091402
12.147781,15,1177.001015
14.856234,17,1177.870498
13.35722,17,1178.72354
15.16179,17,1179.598515
15.189568,17,1180.481651
12.328061,17,1181.292959
14.717346,17,1182.261809
15.189568,17,1183.117607
15.134012,17,1183.997712
13.985845,17,1184.871624
11.993105,17,1185.747568
12.439172,17,1186.575244
15.078457,17,1187.540301
14.856234,17,1188.434206
12.63437,15,1189.205872
14.272901,17,1190.044876
14.606234,17,1190.981419
14.495123,17,1191.836503
9.771851,12,1192.44966
15.16179,17,1193.299565
15.106234,17,1194.183231
14.856234,17,1195.103126
15.134012,17,1195.970116
14.578457,17,1196.794271
13.35722,17,1197.661407
15.16179,17,1198.501476
15.189568,17,1199.320015
15.106234,17,1200.203435
15.134012,17,1201.091036
14.800679,17,1202.060993
14.356234,16,1202.874963
14.939568,17,1203.722656
15.106234,17,1204.614413
14.634012,17,1205.538294
14.717346,17,1206.447324
14.800679,17,1207.25506
13.836277,17,1208.125898
14.828457,17,1209.026448
13.551665,17,1209.864969
12.46695,17,1210.708794
11.971925,16,1211.513305
12.439172,17,1212.299969
12.522505,17,1213.113717
13.932495,17,1213.98893
14.745123,17,1214.813595
12.438895,17,1215.665677
12.661394,17,1216.529864
12.383616,17,1217.367418
15.189568,17,1218.251501
14.522901,17,1219.15829
12.439172,17,1219.977234
12.439172,17,1220.824056
12.511389,17,1221.678828
15.180074,17,1222.56347
12.46695,17,1223.400814
14.495076,17,1224.280758
12.525274,17,1225.072226
11.986687,16,1225.877343
13.910504,17,1226.726997
14.745076,17,1227.653718
15.050679,17,1228.539389
15.106234,17,1229.383576
14.856234,17,1230.275264
9.245123,11,1230.800121
12.414171,17,1231.641756
14.91179,17,1232.532133
12.191949,17,1233.364261
12.439172,17,1234.192761
11.126873,13,1234.81893
14.300679,17,1235.693925
13.883688,16,1236.549326
15.050679,17,1237.435582
14.745123,17,1238.41126
14.828457,17,1239.296833
12.383616,17,1240.103652
14.884012,17,1240.961373
14.800679,17,1241.898706
14.344841,16,1242.763442
14.16179,17,1243.602167
12.697388,16,1244.574739
12.780721,16,1245.415686
12.30306,17,1246.265256
14.495123,17,1247.199744
11.996986,16,1247.972373
12.46695,17,1248.804575
12.073542,16,1249.573315
11.413653,16,1250.430548
15.078457,17,1251.318451
12.439172,17,1252.130944
14.634012,17,1252.988982
15.134012,17,1253.870059
14.856234,17,1254.810485
14.134012,16,1255.616479
12.383616,17,1256.42233
13.606234,16,1257.270481
12.300283,17,1258.079549
11.874425,16,1258.869761
15.050679,17,1259.768174
13.808499,17,1260.668848
11.54114,16,1261.477644
14.058499,17,1262.398401
12.661394,17,1263.176474
15.134012,17,1264.020333
13.439926,16,1264.850645
15.106234,17,1265.737269
14.272901,16,1266.628571
14.134012,17,1267.481974
12.383616,17,1268.307595
14.245123,17,1269.17555
12.328061,17,1269.966976
12.108097,16,1270.752135
15.106234,17,1271.597906
12.330838,17,1272.405646
14.086277,17,1273.208315
15.022901,17,1274.122122
14.800679,17,1275.024261
12.383616,17,1275.839589
14.995123,17,1276.700803
14.41179,17,1277.620974
14.800679,17,1278.473382
15.106234,17,1279.355254
15.16179,17,1280.23686
14.800679,17,1281.13467
15.152296,17,1281.99833
14.078132,16,1282.891258
15.050679,17,1283.7636
14.939568,17,1284.643963
11.180314,16,1285.481481
12.578061,17,1286.290189
14.328409,17,1287.164245
5.055557,6,1287.462778
15.134012,17,1288.354535
12.330838,17,1289.123996
14.884012,17,1290.018521
14.856234,17,1290.850652
12.355839,17,1291.689433
14.217346,16,1292.584405
11.0566,13,1293.226264
5.667078,7,1293.599434
12.299718,15,1294.35633
13.91961,17,1295.211363
14.16179,17,1296.103181
15.16179,17,1296.947309
12.46695,17,1297.777235
14.828457,17,1298.608871
11.94143,16,1299.363999
15.106234,17,1300.248768
14.717346,17,1301.154246
14.382112,16,1301.98428
6.827001,9,1302.419778
4.533857,6,1302.729188
14.189568,17,1303.554503
14.91179,17,1304.467603
14.745123,17,1305.383473
12.661394,17,1306.165481
14.995123,17,1307.028177
12.46695,17,1307.96954
13.752943,17,1308.789296
14.272901,17,1309.642716
15.106234,17,1310.529588
14.078457,17,1311.387317
14.856234,17,1312.243957
14.689568,17,1313.137506
12.439172,17,1313.950942
15.106234,17,1314.801418
12.328061,17,1315.601936
14.800679,17,1316.513242
12.411394,17,1317.341762
13.995123,16,1318.177202
13.773887,17,1319.05699
12.46695,17,1319.898121
9.197574,11,1320.39762
12.46695,17,1321.243569
14.38437,17,1322.150268
13.189568,16,1323.049637
12.522505,17,1323.883765
14.16179,17,1324.767411
12.300283,17,1325.587619
12.330838,17,1326.385584
12.46695,17,1327.155749
14.745123,17,1327.907053
12.439172,17,1328.697813
14.717346,17,1329.445447
14.634012,17,1330.30653
13.328457,16,1331.127122
10.996986,16,1331.935311
11.080319,16,1332.710672
14.328457,17,1333.553519
11.719208,16,1334.366858
12.21695,17,1335.239952
14.884012,17,1336.078252
11.941421,16,1336.86349
12.342465,15,1337.636993
15.050679,17,1338.531637
14.745123,17,1339.494517
12.46695,17,1340.446097
14.883735,17,1341.286675
15.189568,17,1342.159112
15.078457,17,1343.029757
12.383616,17,1343.866742
13.523887,17,1344.703776
14.745123,17,1345.578397
14.800679,17,1346.470735
12.439172,17,1347.288246
12.022505,17,1348.174156
14.689568,17,1349.017772
14.745123,17,1349.888156
12.439172,17,1350.814599
12.465327,17,1351.591785
14.66179,17,1352.450629
12.884012,15,1353.20187
15.078457,17,1354.094549
14.745123,17,1354.964228
14.745123,17,1355.88044
14.689568,17,1356.719263
14.66179,17,1357.556927
14.245123,17,1358.384806
15.022901,17,1359.303741
14.078457,16,1360.126517
14.439568,17,1360.965176
15.050679,17,1361.860976
14.634012,17,1362.776591
15.152296,17,1363.607981
13.752943,17,1364.458819
10.023259,12,1365.032372
12.46695,17,1365.885482
12.46695,17,1366.731652
15.189568,17,1367.605072
14.717346,17,1368.545513
12.328061,17,1369.382762
11.689172,17,1370.215342
14.91179,17,1371.097325
14.66179,17,1371.97459
13.440554,17,1372.828785
12.330838,17,1373.628481
14.300679,17,1374.472429
15.106234,17,1375.349496
12.46695,17,1376.131693
11.552494,16,1376.93443
12.439172,17,1377.718456
13.662776,17,1378.582687
11.724476,16,1379.38226
13.384012,16,1380.208885
12.300283,17,1381.047742
12.411394,17,1381.813307
15.16179,17,1382.66341
14.689568,17,1383.575956
14.245123,16,1384.41447
12.330838,17,1385.269056
14.094794,16,1386.057175
15.078457,17,1386.943375
15.106234,17,1387.835932
11.855839,17,1388.708798
12.46695,17,1389.5297
15.078457,17,1390.351679
15.16179,17,1391.263862
11.724476,16,1392.07993
15.078457,17,1392.931295
14.745123,17,1393.845492
14.745123,17,1394.76319
12.383616,17,1395.661126
15.134012,17,1396.536571
14.634012,17,1397.429442
12.055258,16,1398.203547
14.689568,17,1399.1076
12.439172,17,1399.937706
13.440554,17,1400.798791
13.995123,16,1401.667205
14.939568,17,1402.574753
14.495123,17,1403.479605
11.208092,16,1404.288938
12.411394,17,1405.128134
15.189568,17,1405.993844
14.884012,17,1406.832168
13.972149,17,1407.696923
15.207852,17,1408.543278
14.745123,17,1409.416669
14.995123,17,1410.279744
14.606234,17,1411.203293
15.189568,17,1412.081141
11.911394,17,1412.930994
12.330838,17,1413.818976
14.800679,17,1414.724918
14.967346,17,1415.653002
14.939568,17,1416.517322
13.468331,17,1417.37104
15.16179,17,1418.182757
12.46695,17,1418.991647
14.91179,17,1419.894601
12.383616,17,1420.737355
12.46695,17,1421.581424
12.661394,17,1422.332845
14.800679,17,1423.225222
14.93952,17,1424.146633
15.078457,17,1425.060917
14.550679,17,1426.074295
12.439172,17,1426.923205
14.745123,17,1427.775334
15.134012,17,1428.691041
12.383616,17,1429.566535
12.42011,15,1430.344198
15.189568,17,1431.259235
12.330838,17,1432.088367
12.328061,17,1432.907125
14.011508,16,1433.734502
12.46695,17,1434.561598
14.689568,17,1435.45771
14.745123,17,1436.334823
15.078457,17,1437.180085
12.383616,17,1437.982165
15.078457,17,1438.879279
13.641832,17,1439.717309
11.246986,16,1440.554856
9.997087,12,1441.139595
14.66179,17,1441.975823
14.634012,17,1442.904355
11.111377,15,1443.69887
15.078457,17,1444.585531
15.134012,17,1445.557628
12.845532,17,1446.413218
11.939172,17,1447.290651
12.411394,17,1448.07589
14.634012,17,1448.925343
14.91179,17,1449.82865
12.328061,17,1450.665081
12.330838,17,1451.500733
14.086277,17,1452.296421
14.856234,17,1453.172282
12.328061,17,1454.005473
8.873882,12,1454.614035
12.024764,16,1455.390952
15.106234,17,1456.364208
14.634012,17,1457.288523
14.550679,17,1458.188468
12.189172,17,1459.029098
12.133616,17,1459.848434
11.34142,14,1460.569585
14.967346,17,1461.589061
14.828457,17,1462.446497
12.411394,17,1463.279909
14.717346,17,1464.106201
14.384012,17,1465.002838
13.578457,16,1465.851495
13.705905,16,1466.649021
12.189172,17,1467.533576
14.002943,17,1468.345284
8.096956,10,1468.898399
15.106234,17,1469.778601
12.383616,17,1470.603312
14.66179,17,1471.574141
14.717346,17,1472.409651
13.66179,16,1473.268773
13.772901,16,1474.084058
14.384012,17,1474.961022
15.189568,17,1475.80791
12.46695,17,1476.613165
15.289285,17,1477.505156
4.04037,5,1477.750582
11.385819,16,1478.557034
14.717346,17,1479.479029
11.957815,16,1480.252312
15.078457,17,1481.188658
14.16961,17,1482.003025
14.828457,17,1482.84248
14.134012,16,1483.651389
14.689568,17,1484.523939
15.106234,17,1485.423434
14.884012,17,1486.492745
15.189568,17,1487.404202
13.440554,17,1488.264411
12.330838,17,1489.134079
15.16179,17,1490.048736
14.91179,17,1490.867369
15.189568,17,1491.725931
13.551665,17,1492.578743
12.025534,16,1493.337016
14.578457,17,1494.255391
14.16179,17,1495.12637
12.330838,17,1495.979052
11.524764,16,1496.813628
7.354043,9,1497.249328
12.355839,17,1498.181051
12.439172,17,1499.091796
15.022901,17,1500.004703
12.439172,17,1500.93176
13.579443,17,1501.828622
14.745123,17,1502.733242
13.579443,17,1503.579625
15.189568,17,1504.441536
15.134012,17,1505.328395
14.300679,16,1506.167269
12.083036,16,1506.990975
12.355839,17,1507.791461
12.46695,17,1508.553342
15.134012,17,1509.387956
12.439172,17,1510.221879
15.106234,17,1511.076465
14.856234,17,1511.996551
15.16179,17,1512.823665
11.883616,17,1513.667167
14.689568,17,1514.571204
11.30254,16,1515.391142
12.383616,17,1516.239453
12.836277,16,1517.084904
15.189568,17,1517.986131
13.496109,17,1518.869574
12.46695,17,1519.743124
12.439172,17,1520.593186
15.16179,17,1521.497785
11.855839,17,1522.363216
13.579443,17,1523.190925
14.717346,17,1524.046074
14.217346,17,1524.898631
14.800679,17,1525.808363
13.523887,17,1526.661223
15.106234,17,1527.537153
14.245123,16,1528.382595
15.078457,17,1529.237714
12.494727,17,1530.09592
13.856234,16,1531.073123
14.245123,17,1531.925703
12.439172,17,1532.757278
15.106234,17,1533.607915
12.46695,17,1534.46819
13.836277,17,1535.306755
14.856234,17,1536.20539
14.800679,17,1537.120617
12.441949,17,1537.920964
15.106234,17,1538.841541
14.634012,17,1539.754863
14.772901,17,1540.633082
13.634012,16,1541.568257
13.66179,16,1542.406036
15.16179,17,1543.25388
15.134012,17,1544.152389
12.330838,17,1545.018564
14.717346,17,1545.987039
14.689568,17,1546.919127
14.828457,17,1547.809117
12.330838,17,1548.661812
12.30306,17,1549.476319
14.050677,16,1550.337068
13.891832,17,1551.16853
13.799718,17,1552.114938
12.328061,17,1552.939897
12.842465,16,1553.779492
12.330838,17,1554.646284
15.106234,17,1555.537829
15.106234,17,1556.42592
15.134012,17,1557.256423
11.000266,15,1558.040139
14.689568,17,1559.009186
14.772901,17,1559.91386
12.46695,17,1560.737686
12.355839,17,1561.581486
15.134012,17,1562.547844
15.16179,17,1563.382667
12.411394,17,1564.208587
12.31852,17,1565.048396
14.606234,17,1566.015722
12.411394,17,1566.796838
13.35722,17,1567.681351
14.856234,17,1568.572038
12.46695,17,1569.428159
15.134012,17,1570.294324
12.439172,17,1571.197289
12.439172,17,1572.062171
12.328061,17,1572.944398
12.439172,17,1573.926485
12.522505,17,1574.808009
15.134012,17,1575.714568
13.995123,16,1576.596212
11.135875,16,1577.547091
14.689568,17,1578.519636
15.134012,17,1579.431642
14.745123,17,1580.386989
12.383616,17,1581.270783
15.134012,17,1582.211959
15.16179,17,1583.101591
14.46729,16,1584.076364
14.800679,17,1585.074073
15.134012,17,1586.020675
13.66179,16,1586.919441
12.133616,17,1587.781765
13.273887,17,1588.677907
14.689568,17,1589.590359
11.246939,16,1590.408316
11.846704,16,1591.316992
15.022901,17,1592.223404
12.439172,17,1593.086044
15.16179,17,1594.010272
14.384012,17,1594.929624
13.939568,16,1595.828163
14.384012,17,1596.734028
14.745123,17,1597.661513
12.411394,17,1598.502145
15.16179,17,1599.462256
12.633616,17,1600.303309
14.884012,17,1601.321779
12.330838,17,1602.206681
14.745123,17,1603.164898
12.995482,16,1604.023026
13.780721,17,1604.890097
11.135875,16,1605.77895
10.686317,14,1606.561797
13.808499,17,1607.420796
14.689568,17,1608.365273
11.563642,14,1609.083459
15.078457,17,1609.949513
14.772901,17,1610.827476
11.708182,14,1611.596066
6.698442,8,1612.031334
14.689568,17,1612.970445
12.330838,17,1613.8366
12.46695,17,1614.707316
14.66179,17,1615.567875
14.66179,17,1616.479303
12.439172,17,1617.330051
14.745123,17,1618.248456
15.050679,17,1619.149545
11.985592,16,1619.95553
15.078457,17,1620.931701
12.355839,17,1621.873111
12.330838,17,1622.740972
15.106234,17,1623.63763
14.578457,17,1624.549026
15.134012,17,1625.434999
15.16179,17,1626.362694
12.383616,17,1627.19899
12.330838,17,1628.061782
15.16179,17,1628.955351
12.330838,17,1629.821022
13.91961,17,1630.688952
15.022901,17,1631.631204
14.772901,17,1632.490831
12.46695,17,1633.334166
12.46695,17,1634.177617
14.114054,17,1635.019287
15.134012,17,1635.926385
14.428452,16,1636.963755
13.772901,16,1637.893596
15.134012,17,1638.824336
13.496109,17,1639.701802
12.46695,17,1640.587695
14.384012,17,1641.477395
11.858088,16,1642.258274
14.550679,17,1643.135665
14.634012,17,1644.052835
14.41179,17,1644.941636
12.328061,17,1645.779029
14.73373,17,1646.70744
13.855273,17,1647.639774
15.161789,17,1648.581891
14.717346,17,1649.459248
11.930037,16,1650.219944
14.66179,17,1651.10547
14.745123,17,1652.035572
14.939568,17,1652.981819
14.66179,17,1653.907254
15.16179,17,1654.820421
12.330838,17,1655.65994
15.022901,17,1656.611074
12.383616,17,1657.444381
14.800679,17,1658.35589
13.891832,17,1659.2357
12.328061,17,1660.089281
14.606234,17,1661.026729
11.911347,17,1661.893014
14.550679,17,1662.723952
12.46695,17,1663.584308
14.384012,17,1664.442237
13.041185,15,1665.233068
12.46695,17,1666.069629
15.16179,17,1667.050261
12.522505,17,1667.876935
12.411394,17,1668.720315
14.745123,17,1669.657617
14.328457,17,1670.636603
15.050679,17,1671.532908
13.827496,17,1672.414876
15.078457,17,1673.33585
14.800679,17,1674.258574
14.717346,17,1675.182277
11.58027,16,1676.012443
13.468331,17,1676.870206
15.134012,17,1677.78315
15.134012,17,1678.69363
14.772901,17,1679.584681
15.106234,17,1680.520452
12.46695,17,1681.376281
12.719309,15,1682.224264
13.995122,16,1683.080853
14.495123,17,1683.985132
15.134012,17,1684.878779
15.134012,17,1685.78217
11.94143,16,1686.576787
14.078457,16,1687.423219
14.078457,16,1688.274133
14.937945,17,1689.153382
14.856234,17,1690.092541
14.800679,17,1690.991917
12.46695,17,1691.868287
14.114054,17,1692.759286
12.46695,17,1693.629505
11.030908,13,1694.362866
14.772901,17,1695.281537
12.46695,17,1696.189617
14.66179,17,1697.091638
14.689568,17,1697.948034
13.579443,17,1698.842809
14.745123,17,1699.751059
15.23563,17,1700.649157
12.330838,17,1701.489513
12.522505,17,1702.337619
12.46695,17,1703.180803
14.91179,17,1704.044751
14.717346,17,1704.877613
14.384012,17,1705.750488
14.717346,17,1706.605715
11.744727,17,1707.459787
12.383616,17,1708.298672
13.190554,16,1709.100739
14.245123,17,1709.96564
15.134012,17,1710.898944
14.91179,17,1711.947262
11.55781,16,1712.846301
12.328061,17,1713.740542
15.189568,17,1714.654149
12.46695,17,1715.503906
14.606234,17,1716.355289
12.46695,17,1717.202654
9.821717,12,1717.832938
13.827496,17,1718.691413
14.717346,17,1719.605895
15.134012,17,1720.537423
14.300679,17,1721.401008
12.35583,17,1722.260433
14.66179,17,1723.124726
14.634012,17,1724.065369
11.855839,17,1724.947347
12.46695,17,1725.759409
13.827543,17,1726.693573
13.496109,17,1727.589546
15.134012,17,1728.483753
14.634012,17,1729.356975
14.717346,17,1730.220065
11.993058,17,1731.07344
15.022901,17,1731.978973
14.717346,17,1732.865973
13.77194,17,1733.752186
13.924753,17,1734.711083
15.106234,17,1735.605275
12.328061,17,1736.457928
12.46695,17,1737.378096
15.16179,17,1738.334858
12.46695,17,1739.180521
12.383616,17,1740.036512
12.46695,17,1740.910688
12.163653,16,1741.725945
15.106234,17,1742.653253
14.049057,16,1743.501082
15.134012,17,1744.410332
13.799718,17,1745.25438
14.717346,17,1746.14909
15.16179,17,1747.009024
12.328061,17,1747.857829
12.277481,16,1748.66937
14.467344,16,1749.515072
14.217346,16,1750.379224
14.245123,17,1751.256993
12.383616,17,1752.204949
15.16179,17,1753.186989
13.939568,16,1754.178808
14.374518,17,1755.165923
12.383616,17,1756.026329
15.078457,17,1756.991987
15.16179,17,1757.851848
15.134012,17,1758.765842
14.689568,17,1759.633745
15.078457,17,1760.526965
14.689568,17,1761.470424
14.91179,17,1762.3857
12.439172,17,1763.174749
12.328061,17,1763.990572
15.106234,17,1764.890457
12.383616,17,1765.697352
13.467346,16,1766.59217
14.328457,17,1767.48317
12.550283,17,1768.328052
15.050679,17,1769.234164
14.800679,17,1770.115374
14.16961,17,1770.898206
14.689568,17,1771.773637
13.40261,16,1772.748785
12.383616,17,1773.64042
13.384012,16,1774.493416
15.16179,17,1775.387457
14.745123,17,1776.262126
15.16179,17,1777.169309
14.717346,17,1778.065751
12.46695,17,1778.878789
13.864054,17,1779.781796
12.163653,16,1780.562154
14.745123,17,1781.453431
12.46695,17,1782.337065
12.022505,17,1783.270915
11.883616,17,1784.162309
15.106234,17,1785.056242
14.856234,17,1785.919822
14.225165,17,1786.762954
14.745123,17,1787.805957
14.634012,17,1788.669319
14.689568,17,1789.544785
14.050677,16,1790.445942
15.134012,17,1791.329462
13.523887,17,1792.225076
12.041148,16,1793.011782
13.967346,16,1793.856867
15.16179,17,1794.771127
12.46695,17,1795.629093
15.106234,17,1796.518092
14.634012,17,1797.41956
13.16961,16,1798.287761
15.134012,17,1799.172108
12.383616,17,1800.023699
15.134012,17,1800.928239
15.134012,17,1801.851545
12.494727,17,1802.747729
12.439172,17,1803.569717
9.189566,11,1804.129574
14.717346,17,1804.991334
12.330838,17,1805.845324
14.328457,17,1806.699275
14.578457,17,1807.646862
15.16179,17,1808.574313
15.134011,17,1809.540251
14.634012,17,1810.412379
12.432178,17,1811.316565
13.440554,17,1812.207449
12.439172,17,1813.070801
12.577592,15,1813.896402
14.606234,17,1814.826666
12.355839,17,1815.732508
13.468331,17,1816.632351
12.46695,17,1817.599435
11.71695,17,1818.525232
13.440554,17,1819.544016
12.46695,17,1820.471287
12.46695,17,1821.376079
13.021885,16,1822.202132
14.495123,17,1823.166852
14.495123,17,1824.117847
11.883616,17,1824.985438
12.330838,17,1825.89837
14.745123,17,1826.838222
12.520883,17,1827.686291
12.46695,17,1828.541853
13.160004,16,1829.440249
12.439172,17,1830.312856
12.439172,17,1831.125086
14.689568,17,1832.127805
13.808499,17,1833.003954
14.300679,17,1833.904957
12.328061,17,1834.78443
15.134012,17,1835.695053
14.717346,17,1836.597035
12.383616,17,1837.490407
12.46695,17,1838.430878
12.46695,17,1839.288535
13.328114,15,1840.088392
14.66179,17,1841.099012
14.41179,17,1842.033145
14.828457,17,1842.911898
12.050283,17,1843.842413
12.650339,14,1844.570443
12.46695,17,1845.546159
15.134012,17,1846.626521
15.189568,17,1847.614459
12.439172,17,1848.571253
8.230308,10,1849.113795
11.744727,17,1850.089529
14.050679,16,1851.256449
13.336277,16,1852.203576
10.070628,12,1852.885373
15.106234,17,1853.839747
11.969153,16,1854.676523
14.689568,17,1855.666182
13.496109,17,1856.594542
14.66179,17,1857.656198
14.939568,17,1858.632011
14.689568,17,1859.595388
15.106234,17,1860.500378
14.66179,17,1861.611233
15.134012,17,1862.984714
14.689568,17,1864.002525
11.883616,17,1864.916546
14.745123,17,1865.861827
14.541185,17,1866.786173
12.46695,17,1867.642288
14.66179,17,1868.639216
14.272901,17,1869.595611
14.66179,17,1870.554311
14.606234,17,1871.530154
14.717346,17,1872.477459
15.16179,17,1873.385758
14.106234,16,1874.323766
11.800283,17,1875.255959
15.189568,17,1876.166782
15.16179,17,1877.150709
12.46695,17,1878.195103
15.16179,17,1879.197473
14.763407,17,1880.120771
13.225165,16,1881.008506
15.189568,17,1881.912789
12.383616,17,1882.842281
13.551665,17,1883.721349
15.16179,17,1884.643501
14.66179,17,1885.539812
15.106234,17,1886.430358
12.439172,17,1887.30226
12.441949,17,1888.208637
14.884012,17,1889.186123
12.661394,17,1890.028877
15.161789,17,1890.989425
14.217346,16,1891.8315
15.189568,17,1892.82903
14.578457,17,1893.766402
14.578457,17,1894.668894
14.634012,17,1895.654771
12.439172,17,1896.526366
12.46695,17,1897.414325
15.16179,17,1898.460438
12.386393,17,1899.354778
14.634012,17,1900.263556
14.689568,17,1901.205536
14.030196,17,1902.139456
14.828457,17,1903.17037
12.439125,17,1904.057105
12.355839,17,1904.963102
14.384012,17,1905.926685
14.717346,17,1906.816817
14.66179,17,1907.871494
15.050679,17,1908.758445
12.414171,17,1909.631966
15.16179,17,1910.534906
15.16179,17,1911.442913
15.189568,17,1912.427602
14.66179,17,1913.389219
15.243501,17,1914.283281
13.468331,17,1915.213158
12.46695,17,1916.136712
12.383616,17,1916.978643
14.772901,17,1917.841364
15.189568,17,1918.761745
8.481114,11,1919.351405
14.745123,17,1920.320001
14.745123,17,1921.273301
14.717346,17,1922.277426
15.16179,17,1923.305203
14.550679,17,1924.275681
14.772901,17,1925.23524
10.719566,16,1926.095762
14.66179,17,1926.911836
12.411394,17,1927.759034
12.46695,17,1928.633403
12.46695,17,1929.469031
14.606234,17,1930.4199
14.578457,17,1931.348407
12.355839,17,1932.226219
13.465676,16,1933.09129
13.364053,16,1933.951048
15.134012,17,1934.892817
12.330838,17,1935.758383
14.38437,17,1936.732411
15.134012,17,1937.746135
12.439125,17,1938.647399
15.16179,17,1939.604149
15.16179,17,1940.496359
13.759132,17,1941.502578
14.856234,17,1942.526448
15.16179,17,1943.458049
12.439172,17,1944.379083
12.330838,17,1945.30758
15.134012,17,1946.244557
14.745123,17,1947.367304
13.496109,17,1948.363016
10.514707,14,1949.123823
15.16179,17,1950.077084
14.66179,17,1951.125691
15.106234,17,1952.094985
15.134012,17,1953.126345
15.189568,17,1954.059852
15.16179,17,1955.044683
12.439172,17,1955.96906
12.330838,17,1956.850184
15.16179,17,1957.780118
12.383616,17,1958.707674
15.134012,17,1959.645909
15.335624,17,1960.599173
12.744719,17,1961.46228
15.134012,17,1962.386179
13.864054,17,1963.364235
14.606234,17,1964.338383
11.71695,17,1965.253196
11.263648,16,1966.103591
14.66179,17,1967.04253
12.46695,17,1967.982181
14.93952,17,1969.027945
12.661394,17,1969.878726
13.551037,16,1970.719042
14.217346,17,1971.565475
14.495123,17,1972.425191
12.46695,17,1973.294229
14.328457,16,1974.158675
15.134012,17,1975.044395
14.66179,17,1975.977179
14.717346,17,1976.838621
13.827496,17,1977.698976
13.912776,17,1978.536734
12.383616,17,1979.403515
12.330838,17,1980.257752
15.16179,17,1981.206344
11.939172,17,1982.065745
14.689568,17,1982.836886
8.75039,13,1983.465747
9.744073,12,1984.052655
10.369113,13,1984.708472
11.163653,16,1985.517171
15.189568,17,1986.339678
12.383616,17,1987.034161
13.91961,17,1987.850569
12.328061,17,1988.619239
13.799718,17,1989.429306
13.855273,17,1990.268515
11.607763,16,1991.043547
14.356234,17,1991.899106
15.16179,17,1992.676164
12.300283,17,1993.477057
14.745123,17,1994.354957
15.106234,17,1995.162432
11.245086,17,1995.919135
15.205952,17,1996.770279
12.441949,17,1997.627746
14.995123,17,1998.467538
14.086277,17,1999.212716
12.383616,17,1999.964642
14.66179,17,2000.83968
14.967346,17,2001.705523
15.106234,17,2002.578273
14.689568,17,2003.408818
15.134012,17,2004.206212
10.452504,13,2004.833733
12.328061,17,2005.650191
14.606234,17,2006.548949
15.134012,17,2007.41355
12.355839,17,2008.274468
9.011451,11,2008.8308
14.550679,17,2009.743692
14.606234,17,2010.583807
12.508892,16,2011.442612
15.16179,17,2012.360545
12.330838,17,2013.295502
13.864054,17,2014.14697
14.66179,17,2015.063524
14.634012,17,2015.94204
12.300283,17,2016.778114
13.606234,16,2017.521644
14.550679,17,2018.399312
15.134012,17,2019.285281
12.46695,17,2020.079159
15.134012,17,2021.001593
5.521169,7,2021.354583
9.937957,12,2021.963328
11.370003,14,2022.707373
11.939172,17,2023.62027
14.578457,17,2024.500372
12.46695,17,2025.336779
15.16179,17,2026.185863
12.439172,17,2027.010381
14.467346,17,2027.892755
14.057569,16,2028.760247
14.002291,16,2029.629929
14.689568,17,2030.552799
12.328061,17,2031.38934
14.745123,17,2032.291784
12.30306,17,2033.151714
12.46695,17,2033.973204
11.89232,14,2034.692559
14.300679,17,2035.54438
13.752943,17,2036.397834
13.801932,17,2037.271394
15.106234,17,2038.169656
14.467346,17,2039.054675
14.66179,17,2039.971772
14.689568,17,2040.884941
14.086277,17,2041.711372
15.134012,17,2042.554995
12.330838,17,2043.413806
13.77194,17,2044.244422
15.16179,17,2045.123825
14.356234,16,2045.951408
15.16179,17,2046.79311
14.772901,17,2047.647865
14.689568,17,2048.515379
11.413597,16,2049.336831
12.300283,17,2050.167987
15.189568,17,2051.055407
14.717346,17,2051.880844
12.439172,17,2052.692458
13.939243,16,2053.598681
12.244727,17,2054.401997
12.328061,17,2055.264781
13.799718,17,2056.118173
15.013407,17,2057.002212
14.134012,17,2057.833849
13.77194,17,2058.624881
14.578457,17,2059.499332
14.717346,17,2060.325527
14.772901,17,2061.16732
14.689568,17,2062.076507
12.46695,17,2062.867299
13.799718,17,2063.712311
15.16179,17,2064.600781
14.884012,17,2065.485562
12.439172,17,2066.318554
14.745123,17,2067.232344
11.911394,17,2068.118722
14.939568,17,2069.007657
12.46695,17,2069.831232
12.411394,17,2070.702612
11.374481,16,2071.551696
12.384771,17,2072.391212
11.94143,16,2073.193676
12.46695,17,2073.998837
14.717346,17,2074.917996
10.318516,14,2075.631792
14.634012,17,2076.502308
12.46695,17,2077.300608
12.439172,17,2078.14215
15.106234,17,2079.03375
11.448598,16,2079.82871
12.30306,17,2080.690127
14.550679,17,2081.542578
15.189568,17,2082.434847
12.383616,17,2083.272239
12.355839,17,2084.109672
12.355839,17,2084.949794
12.194147,16,2085.806293
14.022901,16,2086.655973
12.355839,17,2087.50156
14.439568,17,2088.393757
12.439172,17,2089.201516
13.836277,17,2090.022438
14.634012,17,2090.869925
10.358198,13,2091.514431
11.800283,17,2092.391349
13.606234,16,2093.199394
12.522505,17,2093.999498
15.16179,17,2094.867909
15.23563,17,2095.749358
15.16179,17,2096.620833
11.969199,16,2097.395602
14.41179,17,2098.256255
15.16179,17,2099.216027
14.383965,16,2100.064748
15.106234,17,2100.926561
15.161782,17,2101.790081
13.975165,17,2102.653066
14.717346,17,2103.502875
14.717346,17,2104.40796
14.772901,17,2105.272
12.355839,17,2106.081442
15.16179,17,2106.984234
12.46695,17,2107.817806
15.106234,17,2108.641042
15.134012,17,2109.502339
14.578457,17,2110.424896
11.666368,16,2111.192505
14.66179,17,2112.043403
13.440554,17,2112.812793
14.217346,16,2113.635899
12.522505,17,2114.434729
15.23373,17,2115.252464
9.208698,11,2115.77814
5.907736,8,2116.172379
11.385827,16,2116.987111
15.106234,17,2117.82862
12.46695,17,2118.582007
14.717346,17,2119.399504
11.883616,17,2120.254215
12.330838,17,2121.05866
11.939172,17,2121.872716
15.271001,17,2122.636187
15.106234,17,2123.474898
14.217346,17,2124.307956
9.791519,12,2124.903335
14.856234,17,2125.801391
12.411394,17,2126.564027
12.355839,17,2127.322083
12.744727,17,2128.104688
12.330838,17,2128.917433
15.134012,17,2129.756935
15.23563,17,2130.614159
12.411394,17,2131.35639
14.606234,17,2132.18654
15.16179,17,2133.011122
14.328457,17,2133.744836
14.356234,17,2134.580204
14.134012,16,2135.42883
14.66179,17,2136.289662
14.689568,17,2137.120332
11.285864,14,2137.841643
12.46695,17,2138.588002
12.383616,17,2139.37585
14.828457,17,2140.264566
15.134012,17,2141.108076
14.854335,17,2142.038027
14.745123,17,2142.930319
11.969208,16,2143.689065
12.386393,17,2144.487526
12.46695,17,2145.276918
11.301037,14,2145.968303
14.086277,17,2146.730982
12.494727,17,2147.480402
12.614555,15,2148.179403
14.384012,17,2149.039445
12.414171,17,2149.855276
12.439172,17,2150.633247
12.328061,17,2151.45116
12.30306,17,2152.226593
15.106234,17,2153.074562
14.634012,17,2153.889713
12.46695,17,2154.683421
15.134012,17,2155.50534
14.356234,17,2156.326133
15.134012,17,2157.140565
12.744719,17,2157.858581
15.189568,17,2158.704693
15.16179,17,2159.493362
15.16179,17,2160.34066
14.369197,17,2161.212015
13.614054,17,2162.046238
14.578457,17,2162.872175
13.884012,16,2163.652139
12.330838,17,2164.424968
13.468331,17,2165.26165
13.60722,17,2166.085537
12.494727,17,2166.835623
14.328457,17,2167.668239
14.967346,17,2168.479539
12.414171,17,2169.273151
13.412776,17,2170.109509
12.46695,17,2170.90225
14.606234,17,2171.711111
15.16179,17,2172.557564
12.330838,17,2173.367967
14.634012,17,2174.188013
14.66179,17,2175.065444
14.300679,17,2175.912541
14.689568,17,2176.738134
14.689568,17,2177.633205
12.439172,17,2178.448126
14.550679,17,2179.355354
14.384012,17,2180.212226
14.772901,17,2181.045314
15.134012,17,2181.888407
11.913653,16,2182.635483
14.384012,17,2183.468604
15.189568,17,2184.349637
13.496109,17,2185.207537
14.522901,17,2186.104516
14.16179,17,2186.883542
14.66179,17,2187.771744
14.689568,17,2188.554953
15.106234,17,2189.391913
12.46695,17,2190.233418
12.46695,17,2191.060407
13.799718,17,2191.916502
14.66179,17,2192.831896
15.16179,17,2193.721218
12.411394,17,2194.450214
12.328061,17,2195.111746
14.800679,17,2195.874535
15.134012,17,2196.645872
11.881717,17,2197.445629
12.46695,17,2198.263386
15.134012,17,2199.172654
15.16179,17,2199.982156
14.689568,17,2200.893837
12.46695,17,2201.69836
14.772901,17,2202.494593
12.46695,17,2203.271178
12.550283,17,2204.056447
15.16179,17,2204.904176
15.16179,17,2205.763121
15.134012,17,2206.628743
14.384012,17,2207.419735
12.46695,17,2208.223313
11.855839,17,2209.094055
12.330838,17,2209.936895
14.150397,16,2210.739496
15.16179,17,2211.579552
12.46695,17,2212.352318
15.106234,17,2213.162123
12.633616,17,2213.953824
11.883616,17,2214.764573
12.439172,17,2215.462388
12.46695,17,2216.278438
15.022901,17,2217.113334
12.411394,17,2217.882916
13.195033,16,2218.722595
12.411394,17,2219.413054
15.271001,17,2220.258306
13.263641,16,2221.03177
12.689172,17,2221.760044
14.41179,17,2222.600498
15.106234,17,2223.405173
12.386393,17,2224.165716
11.41637,16,2224.968898
15.134012,17,2225.850271
14.818963,17,2226.660745
12.550283,17,2227.480913
11.99445,17,2228.284319
12.441949,17,2229.086895
15.106234,17,2229.944237
14.66179,17,2230.834961
14.634012,17,2231.702545
14.217346,17,2232.552004
13.799718,17,2233.360761
14.772901,17,2234.195992
15.16179,17,2234.995649
15.106234,17,2235.845921
15.106234,17,2236.655469
14.884012,17,2237.535075
14.16179,16,2238.340127
11.883616,17,2239.096612
15.16179,17,2239.961007
14.689568,17,2240.832397
14.272901,17,2241.644393
12.743337,16,2242.458308
15.134012,17,2243.231008
14.745123,17,2244.032454
14.66179,17,2244.799886
15.106234,17,2245.577964
11.855839,17,2246.362951
13.523259,16,2247.143407
10.03605,15,2247.872098
15.16179,17,2248.647669
15.134012,17,2249.504633
10.091606,15,2250.299431
15.189568,17,2251.260113
12.46695,17,2252.08936
15.16179,17,2253.036633
14.689568,17,2254.107364
11.883616,17,2255.075452
14.772901,17,2256.155444
14.66179,17,2257.058936
12.46695,17,2257.959806
14.578457,17,2258.841956
12.024764,16,2259.655216
14.16179,17,2260.603346
12.439172,17,2261.491888
15.134012,17,2262.476055
13.995123,16,2263.426062
14.7729,17,2264.381517
15.16179,17,2265.358993
14.689568,17,2266.530669
12.411394,17,2267.423247
13.496109,17,2268.339306
14.66179,17,2269.305796
12.46695,17,2270.195971
11.855839,17,2271.100562
11.883616,17,2272.005139
13.801665,17,2272.902179
15.16179,17,2273.827054
13.197388,16,2274.693003
15.106234,17,2275.643847
12.383616,17,2276.554633
13.496109,17,2277.441789
12.494727,17,2278.298907
15.16179,17,2279.144544
13.496109,17,2280.009761
13.939568,16,2280.924307
14.217346,17,2281.798615
14.772901,17,2282.706994
13.77194,17,2283.611455
12.383616,17,2284.447452
13.105272,16,2285.308693
15.16179,17,2286.217999
14.245123,17,2287.105473
14.634012,17,2288.018118
11.883616,17,2288.89802
14.772901,17,2289.803699
14.772901,17,2290.669609
12.439172,17,2291.53596
15.134012,17,2292.452911
14.467346,17,2293.377211
12.493105,17,2294.22493
12.138592,16,2295.029144
15.16179,17,2296.030101
14.634012,17,2296.968401
15.106234,17,2297.826377
12.330838,17,2298.686564
15.16179,17,2299.544296
12.46695,17,2300.359298
12.46695,17,2301.198259
12.439172,17,2302.038883
15.022901,17,2302.897126
15.134012,17,2303.778716
13.522901,16,2304.645025
12.46695,17,2305.472943
11.245364,16,2306.283861
15.078457,17,2307.167384
12.414171,17,2308.162704
15.078457,17,2309.060006
15.134012,17,2309.962263
12.46695,17,2310.740389
12.439172,17,2311.629775
15.16179,17,2312.524184
12.46695,17,2313.369912
14.856234,17,2314.308391
14.300679,17,2315.179843
12.355839,17,2316.028926
15.106234,17,2316.918748
11.135875,16,2317.748593
12.330838,17,2318.5911
14.91179,17,2319.481921
12.494727,17,2320.294538
12.730309,15,2321.062055
3.958304,5,2321.309251
15.106234,17,2322.190072
14.345118,17,2323.054152
14.522901,17,2323.909377
13.439568,16,2324.748845
12.383616,17,2325.524828
15.078457,17,2326.418835
13.808499,17,2327.215621
11.467309,16,2328.056873
12.439172,17,2328.899218
14.66179,17,2329.796096
13.827496,17,2330.634518
13.744162,17,2331.441955
11.385875,16,2332.271379
12.024708,16,2333.036364
12.414171,17,2333.881211
14.66179,17,2334.802619
12.46695,17,2335.57757
12.330838,17,2336.368734
15.134012,17,2337.237626
14.094794,16,2338.013686
13.468331,17,2338.882095
14.522901,17,2339.690232
14.495123,17,2340.52391
14.606234,17,2341.607535
12.439172,17,2342.414776
14.967346,17,2343.303564
13.35722,17,2344.131678
14.89118,17,2345.071145
12.46695,17,2345.91138
12.46695,17,2346.713919
14.7729,17,2347.569296
12.494727,17,2348.364542
12.411394,17,2349.1948
15.217346,17,2350.079309
14.634012,17,2350.890842
12.330838,17,2351.732488
14.606234,17,2352.592362
11.985592,16,2353.369038
13.995123,16,2354.218086
11.96695,17,2355.087426
14.800679,17,2355.978027
14.66179,17,2356.9216
12.439172,17,2357.702569
12.411394,17,2358.499843
11.883616,17,2359.397377
12.46695,17,2360.249934
15.16179,17,2361.139027
14.745123,17,2362.020689
12.661394,17,2362.811994
13.662776,17,2363.683593
12.383616,17,2364.501077
14.002291,16,2365.370962
12.494403,17,2366.205013
14.495123,17,2367.096604
14.828457,17,2367.971305
12.330838,17,2368.811706
14.606234,17,2369.720137
13.752943,17,2370.550022
12.46695,17,2371.421574
15.134012,17,2372.27159
13.440554,17,2373.126513
14.606234,17,2373.974944
15.106234,17,2374.851572
14.66179,17,2375.657545
15.16179,17,2376.580102
14.745123,17,2377.430825
14.828457,17,2378.319341
15.106234,17,2379.180172
15.134012,17,2380.077843
14.495123,17,2380.924111
11.744727,17,2381.816807
11.937548,17,2382.666657
10.523259,13,2383.355751
12.411394,17,2384.137856
12.328061,17,2384.997937
11.913653,16,2385.772318
11.855839,17,2386.707119
14.23563,17,2387.589655
15.106234,17,2388.56273
15.16179,17,2389.553656
12.383616,17,2390.494723
14.689568,17,2391.586099
15.234007,17,2392.571472
15.106234,17,2393.496639
13.301665,17,2394.430201
13.468331,17,2395.321676
15.16179,17,2396.207078
14.652296,17,2397.060635
15.189568,17,2397.938715
13.496109,17,2398.801556
13.468331,17,2399.678862
13.800679,16,2400.540336
13.440554,17,2401.524188
12.494727,17,2402.40345
11.689172,17,2403.297313
14.189568,17,2404.137919
14.328457,17,2405.006117
15.16179,17,2405.894944
13.225165,16,2406.711588
14.114054,17,2407.600526
12.46695,17,2408.4532
14.772901,17,2409.304697
12.330838,17,2410.170732
15.134012,17,2411.062704
14.66179,17,2411.991347
14.578457,17,2412.898926
13.828457,16,2413.727867
13.60722,17,2414.587284
13.523887,17,2415.465618
11.939172,17,2416.402766
15.106234,17,2417.316259
15.134012,17,2418.216151
14.16961,17,2419.080317
14.772854,17,2419.97851
15.106234,17,2420.939337
14.634012,17,2421.847032
13.799718,17,2422.686192
14.66179,17,2423.724092
15.16179,17,2424.605522
11.855839,17,2425.447797
14.66179,17,2426.354052
12.441949,17,2427.202567
12.441949,17,2428.047655
15.134012,17,2428.901213
14.16179,17,2429.79246
14.66179,17,2430.766879
12.46695,17,2431.803902
11.762436,14,2432.58228
12.383616,17,2433.440691
15.16179,17,2434.34204
11.883616,17,2435.160431
14.384012,17,2436.054702
13.440554,17,2436.974525
15.189568,17,2437.905408
15.16179,17,2438.868661
14.884012,17,2439.816201
13.495123,16,2440.656025
14.522901,17,2441.549852
12.46695,17,2442.406257
12.661394,17,2443.218887
12.411394,17,2444.125371
11.855839,17,2445.00527
14.634012,17,2445.877638
12.441949,17,2446.709008
15.16179,17,2447.610986
13.911465,16,2448.47278
12.46695,17,2449.338181
14.328457,17,2450.260725
14.88239,17,2451.186635
14.717346,17,2452.10336
11.846601,16,2452.901508
14.772901,17,2453.7867
12.46695,17,2454.640745
14.217346,16,2455.53165
15.134012,17,2456.447021
12.46695,17,2457.29876
14.384012,16,2458.212169
14.689568,17,2459.167421
12.46695,17,2459.961216
13.108198,16,2460.781296
12.441949,17,2461.699748
15.134012,17,2462.637681
14.772901,17,2463.671672
8.438704,10,2464.134354
13.523887,17,2465.029493
14.66179,17,2465.964622
12.441949,17,2466.828117
15.16179,17,2467.723444
11.469208,16,2468.547191
14.717298,17,2469.459819
13.217346,16,2470.236237
13.578457,16,2471.113003
13.84578,17,2471.949749
15.16179,17,2472.833961
8.16092,10,2473.295723
14.16179,17,2474.157138
14.400397,16,2474.998474
14.717346,17,2475.808366
12.46695,17,2476.638979
14.745123,17,2477.535491
14.745123,17,2478.43571
11.135875,16,2479.290965
14.717346,17,2480.119089
14.717346,17,2481.000981
12.497496,17,2481.842925
12.439172,17,2482.677336
14.772901,17,2483.568692
12.300283,17,2484.394115
12.441949,17,2485.238966
14.354612,16,2486.084094
12.539752,15,2486.861374
14.884012,17,2487.691451
12.414171,17,2488.538496
14.16179,17,2489.428137
15.124518,17,2490.284832
15.16179,17,2491.186835
15.189568,17,2492.110829
14.689568,17,2493.023056
15.217344,17,2493.92362
15.16179,17,2494.779636
12.411394,17,2495.581342
12.439172,17,2496.44212
12.46695,17,2497.269552
12.439172,17,2498.067318
13.995123,16,2498.955256
15.189568,17,2499.840194
14.66179,17,2500.738033
15.16179,17,2501.624305
14.520946,16,2502.44481
12.633616,17,2503.224284
12.46695,17,2504.026896
13.771115,17,2504.915218
12.355839,17,2505.781562
8.682495,11,2506.32397
11.689172,17,2507.238175
12.46695,17,2508.044938
15.134012,17,2508.952502
12.494727,17,2509.77331
15.16179,17,2510.655393
12.439172,17,2511.430388
12.46695,17,2512.264762
13.440554,17,2513.137669
14.66179,17,2514.015889
14.16179,16,2514.865279
14.689568,17,2515.75791
14.606234,17,2516.622796
14.66179,17,2517.547703
14.800679,17,2518.395623
12.46695,17,2519.164002
14.772901,17,2520.040272
14.689568,17,2520.945147
12.249703,16,2521.799871
13.440554,17,2522.669873
13.697388,17,2523.536273
11.246986,16,2524.3933
14.634012,17,2525.216848
11.957456,17,2526.10498
12.46695,17,2526.939694
14.66179,17,2527.865801
15.106234,17,2528.745288
15.022901,17,2529.641277
14.300669,16,2530.505213
12.439172,17,2531.293665
15.189568,17,2532.192974
14.66179,17,2533.088275
15.271001,17,2533.928511
12.938605,16,2534.742049
11.285864,14,2535.427608
15.16179,17,2536.344685
14.634012,17,2537.349258
14.66179,17,2538.226155
12.048383,17,2539.104839
15.16179,17,2539.9497
15.189568,17,2540.864249
14.717346,17,2541.753767
13.799718,17,2542.583488
12.743513,15,2543.342727
12.605839,17,2544.107074
15.050679,17,2544.996779
10.892019,13,2545.674356
14.689568,17,2546.609775
12.439172,17,2547.43808
14.800679,17,2548.347408
14.689568,17,2549.265224
15.134012,17,2550.15576
12.161753,16,2550.890402
11.775573,16,2551.721246
13.938654,17,2552.636032
15.16179,17,2553.51504
12.494403,17,2554.335563
14.437668,16,2555.144699
14.66179,17,2555.971526
12.083036,16,2556.778388
14.995123,17,2557.656094
14.772901,17,2558.530001
14.745123,17,2559.449076
15.106234,17,2560.350404
15.134012,17,2561.251958
14.66179,17,2562.170107
15.106234,17,2562.998515
12.411394,17,2563.792369
13.523259,16,2564.606453
14.772854,17,2565.479288
11.929678,17,2566.269152
14.800679,17,2567.305891
14.745123,17,2568.136134
15.106234,17,2568.975877
15.134012,17,2569.881257
12.46695,17,2570.730663
12.414171,17,2571.529452
15.106234,17,2572.413339
12.411394,17,2573.226122
13.780721,17,2574.091996
13.77194,17,2574.948233
12.439172,17,2575.765394
14.606234,17,2576.639667
13.412776,17,2577.507882
11.939172,17,2578.379893
12.46695,17,2579.227033
13.523887,17,2580.094386
12.46695,17,2580.947271
15.106234,17,2581.81303
12.439172,17,2582.67725
15.106234,17,2583.567509
13.752943,17,2584.413908
12.439172,17,2585.271112
14.745123,17,2586.215518
12.383616,17,2587.011711
12.441949,17,2587.861392
12.441949,17,2588.711707
13.230308,16,2589.564368
14.717346,17,2590.411232
14.495123,17,2591.321774
14.245123,17,2592.167637
11.219208,16,2592.998158
12.46695,17,2593.793341
11.937272,17,2594.633497
12.414171,17,2595.486795
12.439172,17,2596.266074
12.411394,17,2597.108032
12.355839,17,2597.973022
12.141308,15,2598.728991
13.808499,17,2599.57588
15.106234,17,2600.433315
15.106234,17,2601.298711
13.522901,16,2602.152665
14.606234,17,2603.033564
15.106234,17,2603.887616
13.855273,17,2604.731317
13.780721,17,2605.572591
15.16179,17,2606.421051
15.16179,17,2607.287307
15.134012,17,2608.16768
15.189568,17,2609.050027
14.828457,17,2609.972161
15.134012,17,2610.818347
13.614054,17,2611.6524
4.533857,6,2612.052394
12.884998,16,2612.924188
7.141498,9,2613.399082
6.834085,9,2613.84686
14.078457,16,2614.668096
14.050677,16,2615.522394
15.16179,17,2616.354369
14.772901,17,2617.210691
12.46695,17,2618.022188
12.383616,17,2618.826582
12.511389,17,2619.659153
15.134012,17,2620.494142
14.328457,17,2621.365438
14.745123,17,2622.226503
12.439172,17,2623.026693
15.134012,17,2623.922508
13.744162,17,2624.754117
12.355839,17,2625.564787
12.441949,17,2626.407744
14.634012,17,2627.23253
14.606234,17,2628.092764
15.16179,17,2628.961595
9.501505,13,2629.604426
15.161782,17,2630.500838
14.263407,17,2631.336718
12.46695,17,2632.185533
14.717346,17,2633.059975
15.16179,17,2633.891864
15.134012,17,2634.774745
14.689568,17,2635.59347
12.46695,17,2636.445919
14.66179,17,2637.367487
14.745123,17,2638.280202
11.971916,16,2639.055847
14.439568,17,2639.951617
13.301665,17,2640.790669
14.634012,17,2641.684794
12.661394,17,2642.581938
12.605839,17,2643.335822
12.679678,17,2644.139836
14.689568,17,2645.054633
14.689568,17,2645.997163
15.134012,17,2646.878079
15.106234,17,2647.77123
14.606234,17,2648.64058
12.439172,17,2649.454441
12.494727,17,2650.22
14.717346,17,2651.137599
14.717346,17,2652.041726
15.16179,17,2652.935915
15.134012,17,2653.800197
14.606234,17,2654.674171
15.078457,17,2655.515213
11.828061,17,2656.37951
15.189568,17,2657.310395
13.697388,17,2658.171878
12.411394,17,2659.017843
14.745123,17,2659.888771
13.66179,16,2660.758434
15.134012,17,2661.629947
15.16179,17,2662.526305
12.355839,17,2663.348484
12.083036,16,2664.132918
15.134012,17,2665.079493
14.689568,17,2665.958478
12.46695,17,2666.781848
12.494727,17,2667.563346
14.114054,17,2668.444265
14.634012,17,2669.354284
9.511974,12,2669.96527
15.134012,17,2670.837289
12.383616,17,2671.686633
9.620243,12,2672.314231
15.23563,17,2673.211812
14.91179,17,2674.126068
14.772901,17,2675.257646
14.745123,17,2676.139583
15.134012,17,2677.055661
15.022901,17,2677.902009
14.772901,17,2678.823064
15.106234,17,2679.659358
14.66179,17,2680.539234
15.134012,17,2681.396214
15.16179,17,2682.278782
15.134012,17,2683.108838
14.634012,17,2683.909152
14.606234,17,2684.787409
10.401849,14,2685.476219
11.911394,17,2686.344975
14.745123,17,2687.248163
14.328457,17,2688.166859
13.799718,17,2688.998795
15.078457,17,2689.897618
14.689568,17,2690.711992
14.328457,17,2691.57723
13.551665,17,2692.44273
12.163653,16,2693.192986
13.468331,17,2694.037756
14.225816,17,2694.960144
12.522505,17,2695.779253
14.91179,17,2696.686836
15.106234,17,2697.578214
12.439172,17,2698.334669
13.467346,16,2699.180981
12.355839,17,2699.999701
11.94143,16,2700.802826
15.16179,17,2701.638597
15.189568,17,2702.570712
11.883616,17,2703.414171
14.717346,17,2704.335654
15.16179,17,2705.17344
12.383616,17,2706.016383
12.15492,16,2706.815421
11.135975,14,2707.519037
14.495123,17,2708.438266
3.94187,5,2708.697902
14.16179,17,2709.512969
14.66179,17,2710.403014
14.689568,17,2711.246207
3.902308,5,2711.501715
12.411394,17,2712.344871
14.495123,17,2713.269099
12.386393,17,2714.106519
12.330838,17,2714.929244
14.578457,17,2715.773022
12.494727,17,2716.61767
14.578457,17,2717.556937
14.578457,17,2718.377056
14.245123,17,2719.233654
14.828457,17,2720.121157
12.46695,17,2720.927175
12.383616,17,2721.764611
14.689568,17,2722.647593
14.578457,17,2723.548773
14.634012,17,2724.375302
12.383616,17,2725.202703
11.246986,16,2726.022797
15.16179,17,2726.92055
12.439172,17,2727.77582
14.745123,17,2728.65252
14.91179,17,2729.528128
11.496986,16,2730.329796
13.440554,17,2731.205501
14.66179,17,2732.08787
12.46695,17,2732.977135
13.41961,16,2733.776295
15.189568,17,2734.644696
12.439172,17,2735.420756
14.634012,17,2736.296081
12.439172,17,2737.138765
13.66179,16,2738.002666
15.106234,17,2738.8551
12.46695,17,2739.718483
14.25331,17,2740.602529
15.134012,17,2741.475954
14.745123,17,2742.384972
13.634998,17,2743.263062
14.356234,17,2744.12198
12.330838,17,2744.986973
11.772505,17,2745.856896
13.515828,16,2746.687173
14.550679,17,2747.568689
14.717346,17,2748.393653
11.496986,16,2749.188553
15.106234,17,2750.117082
13.440554,17,2750.986986
14.689568,17,2751.876054
14.66179,17,2752.771235
14.66179,17,2753.688531
15.134012,17,2754.587092
15.106234,17,2755.395182
15.134012,17,2756.290051
14.63239,17,2757.194165
14.66179,17,2758.096525
14.772901,17,2758.986745
15.180074,17,2760.03777
11.983334,17,2760.896296
14.789285,17,2761.806783
12.493105,17,2762.639361
11.028764,13,2763.328757
14.91179,17,2764.144567
12.439172,17,2764.945949
13.412776,17,2765.810603
14.689568,17,2766.749236
14.745123,17,2767.702073
15.134012,17,2768.598691
14.439291,17,2769.508052
14.058499,17,2770.280515
15.106234,17,2771.124347
12.439172,17,2771.913737
14.995123,17,2772.785489
14.384012,17,2773.683394
14.856234,17,2774.5757
14.606234,17,2775.485044
14.689568,17,2776.3592
14.717346,17,2777.22829
14.66179,17,2778.084496
14.689568,17,2779.041676
15.16179,17,2779.878198
13.855273,17,2780.746068
11.274764,16,2781.690367
12.083036,16,2782.467076
15.189568,17,2783.35361
14.717346,17,2784.235157
15.078457,17,2785.119268
15.050679,17,2786.006473
14.66179,17,2786.927021
14.995123,17,2787.790466
9.925559,12,2788.376789
14.800679,17,2789.360512
14.772901,17,2790.292779
14.272901,17,2791.162135
15.16179,17,2792.016365
14.717346,17,2792.937844
15.134012,17,2793.822608
15.16179,17,2794.702574
12.383616,17,2795.516752
12.355839,17,2796.337906
15.134012,17,2797.233353
14.828457,17,2798.121057
15.106234,17,2799.008566
15.16179,17,2799.854111
13.660829,17,2800.687528
11.112097,13,2801.329771
14.745123,17,2802.185541
14.745123,17,2803.181846
12.494727,17,2804.043591
15.022901,17,2804.839817
12.494727,17,2805.647406
12.494727,17,2806.479567
10.864542,13,2807.175123
14.606234,17,2808.111212
13.660829,17,2808.982805
12.411394,17,2809.824451
14.800679,17,2810.691629
13.808499,17,2811.550972
12.439172,17,2812.389703
14.66179,17,2813.285683
15.16179,17,2814.244709
15.189568,17,2815.12302
11.99693,16,2815.878052
14.578457,17,2816.769669
14.689568,17,2817.600304
14.717346,17,2818.515264
14.91179,17,2819.446203
14.717346,17,2820.354871
15.134012,17,2821.219841
13.254817,16,2822.063463
9.606593,12,2822.695932
14.66179,17,2823.583696
15.189568,17,2824.489411
13.956229,16,2825.322171
14.495123,17,2826.178889
12.918681,15,2826.947528
11.930037,16,2827.734669
14.300622,16,2828.556271
12.439172,17,2829.371195
12.46695,17,2830.198511
12.411394,17,2831.015554
12.485234,17,2831.865457
14.66179,17,2832.786773
15.16179,17,2833.63696
14.16961,17,2834.53177
12.189172,17,2835.389097
15.134012,17,2836.277836
14.522901,17,2837.106736
14.689566,17,2837.916924
12.441949,17,2838.72845
14.66179,17,2839.555767
14.606234,17,2840.465867
15.106234,17,2841.351069
12.633616,17,2842.144239
12.633616,17,2842.925692
12.520606,17,2843.785427
12.497504,17,2844.611076
14.578457,17,2845.468227
13.280721,16,2846.29013
12.439172,17,2847.098204
13.440554,17,2847.931592
15.16179,17,2848.838258
14.995123,17,2849.744218
15.078457,17,2850.628241
14.689568,17,2851.521562
15.078457,17,2852.406694
14.772901,17,2853.256906
14.939568,17,2854.150268
12.494727,17,2854.963878
15.16179,17,2855.823463
13.995123,16,2856.681119
14.66179,17,2857.541527
12.383616,17,2858.395224
13.855273,17,2859.208079
13.412776,17,2860.067523
13.440554,17,2860.935818
14.66179,17,2861.889663
13.440554,17,2862.774095
14.995123,17,2863.762546
14.772901,17,2864.557377
14.689568,17,2865.379236
15.16179,17,2866.159076
12.080319,16,2866.920294
15.134012,17,2867.806314
14.634012,17,2868.66825
14.439568,17,2869.504755
15.134012,17,2870.272172
15.271001,17,2871.116659
12.494727,17,2871.932673
15.022901,17,2872.670417
14.078132,16,2873.439229
14.578457,17,2874.309457
14.578457,17,2875.17396
14.856234,17,2875.997981
14.745123,17,2876.796138
15.189568,17,2877.692275
12.439172,17,2878.418084
14.745123,17,2879.244836
15.189568,17,2880.131102
14.800679,17,2881.040236
15.16179,17,2881.860885
14.66179,17,2882.640298
15.16179,17,2883.502018
13.939243,16,2884.240066
14.66179,17,2885.029576
12.439172,17,2885.808451
12.244727,17,2886.615915
14.38437,17,2887.507418
12.163653,16,2888.249301
15.078457,17,2889.048088
15.16179,17,2889.868438
15.134012,17,2890.637561
12.383616,17,2891.374493
14.606234,17,2892.177723
15.134012,17,2892.960828
14.467346,17,2893.805381
12.011112,17,2894.669666
12.439172,17,2895.356549
14.995123,17,2896.173143
13.35722,17,2896.94045
15.189568,17,2897.858655
14.689568,17,2898.578296
14.772901,17,2899.393759
15.189568,17,2900.239831
14.217346,17,2901.074553
12.439172,17,2901.851047
14.717346,17,2902.719106
15.16179,17,2903.547416
15.189568,17,2904.368259
12.46695,17,2905.144
12.439172,17,2905.892751
12.494727,17,2906.628657
11.469208,16,2907.405745
11.800283,17,2908.236269
12.46695,17,2909.010652
12.46695,17,2909.853292
12.46695,17,2910.712788
13.468331,17,2911.598329
15.022901,17,2912.48423
14.800679,17,2913.425812
13.864054,17,2914.311977
14.967346,17,2915.405558
12.522181,17,2916.252762
14.550679,17,2917.11547
15.16179,17,2917.937173
10.433488,14,2918.6698
14.967346,17,2919.603101
14.66179,17,2920.451035
15.16179,17,2921.375636
12.439172,17,2922.148967
14.356234,17,2922.989114
12.494727,17,2923.789469
9.108968,13,2924.477879
14.382105,16,2925.401753
14.918681,17,2926.313328
14.678452,17,2927.207087
14.91179,17,2928.110877
10.096232,13,2928.769597
14.233627,16,2929.64166
13.150349,15,2930.443047
11.862097,14,2931.16038
13.595118,16,2931.997917
15.16179,17,2932.908196
15.134012,17,2933.824584
12.383616,17,2934.674948
12.578061,17,2935.439442
12.094445,17,2936.325635
14.883965,17,2937.214171
12.46695,17,2938.051497
13.884012,16,2938.861102
12.439172,17,2939.680547
13.77194,17,2940.580988
14.272901,17,2941.477729
12.494727,17,2942.306486
12.494727,17,2943.17015
14.772901,17,2944.065936
12.022504,17,2944.941147
12.19143,16,2945.704635
13.468331,17,2946.548159
14.189568,17,2947.435164
14.328457,17,2948.310799
14.300679,17,2949.157713
12.46695,17,2949.957119
12.46695,17,2950.772135
14.493176,16,2951.614034
14.550679,17,2952.51691
12.46695,17,2953.352726
12.836277,16,2954.221761
13.706229,16,2955.101326
15.078457,17,2955.962445
14.995123,17,2956.802414
15.134012,17,2957.693075
14.41179,17,2958.570612
12.46695,17,2959.478498
15.189568,17,2960.388704
15.217346,17,2961.287278
15.189568,17,2962.159359
15.134012,17,2963.053584
12.494727,17,2963.885091
15.134012,17,2964.766769
12.411394,17,2965.556871
11.71695,17,2966.432254
14.41179,17,2967.342799
11.197574,14,2968.083767
14.884012,17,2968.968275
12.411394,17,2969.823584
12.550283,17,2970.682958
12.633616,17,2971.498522
15.134012,17,2972.387791
14.772901,17,2973.272973
14.400674,16,2974.113993
14.689568,17,2975.02758
12.439172,17,2975.834235
14.66179,17,2976.652791
12.520606,17,2977.461239
13.551665,17,2978.336836
12.605839,17,2979.150004
14.884012,17,2979.975293
12.411394,17,2980.775938
12.439172,17,2981.623764
11.939531,16,2982.41741
14.189568,17,2983.305046
15.022901,17,2984.144838
12.46695,17,2984.94987
12.494727,17,2985.831486
14.66179,17,2986.743693
13.773887,17,2987.578501
12.494727,17,2988.381724
14.717346,17,2989.30684
14.217346,16,2990.154766
11.828061,17,2990.98739
12.411394,17,2991.815481
14.189568,17,2992.671243
14.189568,17,2993.549822
15.16179,17,2994.47354
13.939568,16,2995.255156
14.66179,17,2996.133069
14.772901,17,2997.014812
9.961561,15,2997.795657
12.689171,17,2998.585164
13.468331,17,2999.456344
13.778169,16,3000.353632
14.550679,17,3001.284156
13.468331,17,3002.152032
15.189568,17,3003.02175
12.633616,17,3003.86897
13.827496,17,3004.722979
14.800679,17,3005.606153
12.055258,16,3006.35901
12.439172,17,3007.159394
14.467346,16,3007.947725
11.744727,17,3008.815951
10.054035,15,3009.575324
14.272901,17,3010.448511
12.494727,17,3011.243694
12.383616,17,3012.090823
15.022901,17,3012.95563
11.874759,16,3013.75109
14.225165,17,3014.579485
15.050679,17,3015.511999
12.300283,17,3016.337991
15.050679,17,3017.252726
12.494727,17,3018.075376
12.46695,17,3018.893397
10.940495,13,3019.564366
12.46695,17,3020.377024
12.46695,17,3021.198658
14.522901,17,3022.079239
13.827496,17,3022.915422
14.717346,17,3023.813438
14.745123,17,3024.742625
12.494727,17,3025.562238
12.439172,17,3026.412529
12.46695,17,3027.259678
11.494727,17,3028.137136
13.799718,17,3028.971113
15.106234,17,3029.86585
14.467346,17,3030.793865
15.134012,17,3031.6571
12.633616,17,3032.454341
15.16179,17,3033.325802
15.050679,17,3034.213609
13.273887,16,3035.024495
12.439172,17,3035.865924
14.495123,17,3036.764129
15.134012,17,3037.624993
12.330838,17,3038.470196
12.46695,17,3039.315063
15.134012,17,3040.184038
15.022901,17,3041.060305
12.439172,17,3041.894646
14.717346,17,3042.80095
12.494727,17,3043.622537
13.523887,17,3044.577333
12.633616,17,3045.462754
14.717346,17,3046.340938
14.245123,16,3047.113076
12.383616,17,3047.924125
12.520883,17,3048.761094
14.717346,17,3049.632539
8.364241,10,3050.096588
14.745123,17,3050.94295
14.689568,17,3051.809635
14.300679,17,3052.682011
14.745123,17,3053.548956
14.911743,17,3054.591698
13.864054,17,3055.472401
14.689568,17,3056.369278
12.46695,17,3057.273265
14.800679,17,3058.33599
12.494727,17,3059.2636
13.523887,17,3060.167971
12.142019,15,3060.987782
14.66179,17,3061.869475
14.66179,17,3062.797864
12.494727,17,3063.626507
13.440554,17,3064.525573
15.217346,17,3065.446983
15.189568,17,3066.34813
12.439172,17,3067.190336
14.66179,17,3068.045861
14.995123,17,3068.965593
12.439172,17,3069.801322
12.355839,17,3070.626042
12.414171,17,3071.483638
14.717346,17,3072.413395
12.383616,17,3073.207672
14.745123,17,3074.101462
13.884012,16,3074.915654
14.717346,17,3075.846265
15.134012,17,3076.633765
13.412776,17,3077.420379
12.152212,16,3078.187774
15.078457,17,3079.094759
12.439172,17,3079.92005
11.800283,17,3080.821933
12.689172,17,3081.640681
12.46695,17,3082.591197
14.328457,17,3083.445753
14.66179,17,3084.36152
12.605839,17,3085.158283
14.828457,17,3085.994756
14.745123,17,3086.867335
14.66179,17,3087.680705
14.66179,17,3088.609352
15.106234,17,3089.550327
12.300283,17,3090.343016
13.634998,17,3091.211967
11.996986,16,3091.981855
11.941421,16,3092.826065
12.411394,17,3093.696038
12.633616,17,3094.512698
8.933759,12,3095.128467
15.16179,17,3096.032669
12.46695,17,3096.844312
12.383616,17,3097.628716
14.41179,17,3098.519479
10.300679,12,3099.076261
15.16179,17,3099.958448
12.181935,16,3100.714653
15.134012,17,3101.569291
14.328457,17,3102.429346
15.150397,17,3103.310621
14.717346,17,3104.155972
14.91179,17,3105.035798
14.772901,17,3105.940778
15.134012,17,3106.836701
12.328061,17,3107.661559
12.439172,17,3108.508765
14.66179,17,3109.369003
13.412776,17,3110.246186
12.46695,17,3111.074421
